"id","town_name","x","y","silver_rehab_centre","silver_time","gold_rehab_centre","gold_time","future_gold_rehab_centre","future_gold_time","platinum_rehab_centre","platinum_time"
1012,"Thursday Island",142.2167,-10.5804,"Cairns Hospital",873.73784637,"Townsville University Hospital",1080.819326,"Townsville University Hospital",1080.819326,"Princess Alexandra Hospital (PAH)",1957.4509899
1013,"Horn Island",142.2837,-10.60644,"Cairns Hospital",888.58825539,"Townsville University Hospital",1095.321749,"Townsville University Hospital",1095.321749,"Princess Alexandra Hospital (PAH)",1972.23410399
1014,"Seisia",142.3701,-10.85188,"Cairns Hospital",739.34323652,"Townsville University Hospital",944.9550912,"Townsville University Hospital",944.9550912,"Princess Alexandra Hospital (PAH)",1821.14992244
1015,"New Mapoon",142.3863,-10.87403,"Cairns Hospital",735.78322613,"Townsville University Hospital",941.3848819,"Townsville University Hospital",941.3848819,"Princess Alexandra Hospital (PAH)",1817.64525219
1016,"Umagico",142.3489,-10.88916,"Cairns Hospital",733.20149373,"Townsville University Hospital",938.6512743,"Townsville University Hospital",938.6512743,"Princess Alexandra Hospital (PAH)",1815.02391269
1017,"Bamaga",142.3893,-10.89279,"Cairns Hospital",734.48771979,"Townsville University Hospital",939.7901949,"Townsville University Hospital",939.7901949,"Princess Alexandra Hospital (PAH)",1816.10660672
1018,"Injinoo",142.3275,-10.90209,"Cairns Hospital",730.19752794,"Townsville University Hospital",934.9848422,"Townsville University Hospital",934.9848422,"Princess Alexandra Hospital (PAH)",1811.45060579
1019,"Mapoon",141.8976,-12.02178,"Cairns Hospital",664.63314348,"Townsville University Hospital",872.1839014,"Townsville University Hospital",872.1839014,"Princess Alexandra Hospital (PAH)",1749.37298566
1020,"Weipa",141.8777,-12.62496,"Cairns Hospital",611.68474064,"Townsville University Hospital",814.4198158,"Townsville University Hospital",814.4198158,"Princess Alexandra Hospital (PAH)",1690.62694434
1021,"Napranum",141.8909,-12.68153,"Cairns Hospital",607.41266573,"Townsville University Hospital",805.6318151,"Townsville University Hospital",805.6318151,"Princess Alexandra Hospital (PAH)",1681.84809847
1022,"Lockhart River",143.3424,-12.78591,"Cairns Hospital",643.82952715,"Townsville University Hospital",854.0944546,"Townsville University Hospital",854.0944546,"Princess Alexandra Hospital (PAH)",1731.26337647
1023,"Aurukun",141.7292,-13.35609,"Cairns Hospital",605.97413664,"Townsville University Hospital",806.3140301,"Townsville University Hospital",806.3140301,"Princess Alexandra Hospital (PAH)",1682.51913632
1024,"Coen",143.1999,-13.9448,"Cairns Hospital",404.60419265,"Townsville University Hospital",629.7689944,"Townsville University Hospital",629.7689944,"Princess Alexandra Hospital (PAH)",1500.59826929
1025,"Pormpuraaw",141.6245,-14.89198,"Cairns Hospital",437.33350111,"Townsville University Hospital",654.0187141,"Townsville University Hospital",654.0187141,"Princess Alexandra Hospital (PAH)",1525.37306656
1026,"Hope Vale",145.1102,-15.2971,"Cairns Hospital",266.02858681,"Townsville University Hospital",479.0571065,"Townsville University Hospital",479.0571065,"Princess Alexandra Hospital (PAH)",1346.39961692
1027,"Cooktown",145.2488,-15.47177,"Cairns Hospital",229.19252023,"Townsville University Hospital",442.1620646,"Townsville University Hospital",442.1620646,"Princess Alexandra Hospital (PAH)",1309.75280035
1028,"Kowanyama",141.7435,-15.47744,"Cairns Hospital",732.78051779,"Townsville University Hospital",796.2775668,"Townsville University Hospital",796.2775668,"Princess Alexandra Hospital (PAH)",1583.43227858
1029,"Wujal Wujal",145.3188,-15.94835,"Cairns Hospital",148.87468558,"Townsville University Hospital",385.3392704,"Townsville University Hospital",385.3392704,"Princess Alexandra Hospital (PAH)",1254.8089556
1030,"Daintree",145.3306,-16.26079,"Cairns Hospital",91.95432005,"Townsville University Hospital",328.136468,"Townsville University Hospital",328.136468,"Princess Alexandra Hospital (PAH)",1198.58360111
1031,"Wonga Beach",145.4137,-16.3472,"Cairns Hospital",80.47914755,"Townsville University Hospital",316.3687394,"Townsville University Hospital",316.3687394,"Princess Alexandra Hospital (PAH)",1186.95170201
1032,"Newell",145.4061,-16.425,"Cairns Hospital",72.90884798,"Townsville University Hospital",308.6479163,"Townsville University Hospital",308.6479163,"Princess Alexandra Hospital (PAH)",1179.34685493
1033,"Cooya Beach",145.4067,-16.44813,"Cairns Hospital",65.7158131,"Townsville University Hospital",301.5280252,"Townsville University Hospital",301.5280252,"Princess Alexandra Hospital (PAH)",1172.32656331
1034,"Mossman",145.3731,-16.46155,"Cairns Hospital",66.60073186,"Townsville University Hospital",302.5625889,"Townsville University Hospital",302.5625889,"Princess Alexandra Hospital (PAH)",1173.30366036
1035,"Port Douglas",145.4662,-16.48533,"Cairns Hospital",61.58309117,"Townsville University Hospital",297.4971385,"Townsville University Hospital",297.4971385,"Princess Alexandra Hospital (PAH)",1168.39880264
1036,"Craiglie",145.467,-16.51455,"Cairns Hospital",58.80144742,"Townsville University Hospital",294.6217099,"Townsville University Hospital",294.6217099,"Princess Alexandra Hospital (PAH)",1165.59447591
1037,"Oak Beach",145.5147,-16.5941,"Cairns Hospital",48.62260008,"Townsville University Hospital",284.1524671,"Townsville University Hospital",284.1524671,"Princess Alexandra Hospital (PAH)",1155.16498829
1039,"Kuranda",145.6352,-16.82032,"Cairns Hospital",33.41998826,"Townsville University Hospital",269.3849901,"Townsville University Hospital",269.3849901,"Princess Alexandra Hospital (PAH)",1140.17540986
1040,"Yarrabah",145.865,-16.90636,"Cairns Hospital",45.98815334,"Townsville University Hospital",247.043943,"Townsville University Hospital",247.043943,"Princess Alexandra Hospital (PAH)",1116.77311545
1041,"Cairns",145.7649,-16.92311,"Cairns Hospital",3.83917803,"Townsville University Hospital",240.0324477,"Townsville University Hospital",240.0324477,"Princess Alexandra Hospital (PAH)",1109.22247268
1042,"Mareeba",145.4221,-16.9965,"Cairns Hospital",56.59232359,"Townsville University Hospital",268.6017775,"Townsville University Hospital",268.6017775,"Princess Alexandra Hospital (PAH)",1139.38929303
1043,"Mareeba - South",145.4211,-17.05062,"Cairns Hospital",58.12723417,"Townsville University Hospital",263.7673629,"Townsville University Hospital",263.7673629,"Princess Alexandra Hospital (PAH)",1134.44986837
1044,"Gordonvale",145.7806,-17.09611,"Cairns Hospital",27.11345261,"Townsville University Hospital",218.7128079,"Townsville University Hospital",218.7128079,"Princess Alexandra Hospital (PAH)",1086.75781309
1045,"Goldsborough",145.7509,-17.14553,"Cairns Hospital",33.94635734,"Townsville University Hospital",223.9756898,"Townsville University Hospital",223.9756898,"Princess Alexandra Hospital (PAH)",1092.19466821
1046,"Dimbulah",145.1096,-17.15058,"Cairns Hospital",88.2754127,"Townsville University Hospital",288.7027495,"Townsville University Hospital",288.7027495,"Princess Alexandra Hospital (PAH)",1159.61663199
1047,"Chillagoe",144.5225,-17.15243,"Cairns Hospital",161.66395317,"Townsville University Hospital",358.5812771,"Townsville University Hospital",358.5812771,"Princess Alexandra Hospital (PAH)",1229.72538516
1048,"Walkamin",145.4411,-17.15428,"Cairns Hospital",67.35385528,"Townsville University Hospital",252.7055257,"Townsville University Hospital",252.7055257,"Princess Alexandra Hospital (PAH)",1122.67340272
1049,"Tinaroo",145.5505,-17.16863,"Cairns Hospital",86.78075284,"Townsville University Hospital",251.3961143,"Townsville University Hospital",251.3961143,"Princess Alexandra Hospital (PAH)",1121.22585883
1050,"Tolga - West",145.4506,-17.204,"Cairns Hospital",74.74481716,"Townsville University Hospital",249.8625263,"Townsville University Hospital",249.8625263,"Princess Alexandra Hospital (PAH)",1119.6264426
1051,"Tolga",145.4776,-17.22463,"Cairns Hospital",75.76005179,"Townsville University Hospital",246.3056547,"Townsville University Hospital",246.3056547,"Princess Alexandra Hospital (PAH)",1116.02648239
1052,"Atherton",145.4776,-17.26641,"Cairns Hospital",81.00174298,"Townsville University Hospital",243.1075111,"Townsville University Hospital",243.1075111,"Princess Alexandra Hospital (PAH)",1112.72884046
1053,"Yungaburra",145.5851,-17.26885,"Cairns Hospital",71.01473132,"Townsville University Hospital",238.3392319,"Townsville University Hospital",238.3392319,"Princess Alexandra Hospital (PAH)",1107.366885
1054,"Babinda",145.9219,-17.3445,"Cairns Hospital",50.8723431,"Townsville University Hospital",195.9071473,"Townsville University Hospital",195.9071473,"Princess Alexandra Hospital (PAH)",1060.9768056
1055,"Bramston Beach",146.0198,-17.35108,"Cairns Hospital",67.60380595,"Townsville University Hospital",195.0459784,"Townsville University Hospital",195.0459784,"Princess Alexandra Hospital (PAH)",1060.00977328
1056,"Malanda",145.5954,-17.35328,"Cairns Hospital",75.30839109,"Townsville University Hospital",226.3012574,"Townsville University Hospital",226.3012574,"Princess Alexandra Hospital (PAH)",1094.75969211
1057,"Herberton",145.3852,-17.38376,"Cairns Hospital",93.45319672,"Townsville University Hospital",240.1605096,"Townsville University Hospital",240.1605096,"Princess Alexandra Hospital (PAH)",1109.37404782
1058,"Mirriwinni",145.9089,-17.39951,"Cairns Hospital",54.46434417,"Townsville University Hospital",190.4873454,"Townsville University Hospital",190.4873454,"Princess Alexandra Hospital (PAH)",1055.38510072
1059,"Tarzali",145.61,-17.42092,"Cairns Hospital",83.02312195,"Townsville University Hospital",220.2040204,"Townsville University Hospital",220.2040204,"Princess Alexandra Hospital (PAH)",1088.26369407
1060,"Karumba",140.8383,-17.48673,"Cairns Hospital",520.19125632,"Townsville University Hospital",583.6413746,"Townsville University Hospital",583.6413746,"Princess Alexandra Hospital (PAH)",1360.29063589
1061,"Flying Fish Point",146.0754,-17.49616,"Cairns Hospital",79.44606863,"Townsville University Hospital",182.308228,"Townsville University Hospital",182.308228,"Princess Alexandra Hospital (PAH)",1046.92587181
1062,"Coconuts",146.0431,-17.50908,"Cairns Hospital",74.41797851,"Townsville University Hospital",177.7848091,"Townsville University Hospital",177.7848091,"Princess Alexandra Hospital (PAH)",1042.33979676
1063,"Millaa Millaa",145.612,-17.51108,"Cairns Hospital",93.87141395,"Townsville University Hospital",209.7218221,"Townsville University Hospital",209.7218221,"Princess Alexandra Hospital (PAH)",1077.53938514
1064,"Belvedere",145.9896,-17.51972,"Cairns Hospital",67.52013091,"Townsville University Hospital",180.0730687,"Townsville University Hospital",180.0730687,"Princess Alexandra Hospital (PAH)",1044.65421537
1065,"Innisfail",146.0299,-17.52363,"Cairns Hospital",71.39961744,"Townsville University Hospital",174.0023646,"Townsville University Hospital",174.0023646,"Princess Alexandra Hospital (PAH)",1038.56764454
1066,"Wangan",146.0083,-17.57463,"Cairns Hospital",74.35624963,"Townsville University Hospital",171.564984,"Townsville University Hospital",171.564984,"Princess Alexandra Hospital (PAH)",1035.98503724
1067,"Mourilyan",146.0419,-17.583,"Cairns Hospital",77.81090276,"Townsville University Hospital",167.0666337,"Townsville University Hospital",167.0666337,"Princess Alexandra Hospital (PAH)",1031.53134978
1068,"South Johnstone",145.9951,-17.60097,"Cairns Hospital",76.75513048,"Townsville University Hospital",168.2098681,"Townsville University Hospital",168.2098681,"Princess Alexandra Hospital (PAH)",1032.66969428
1069,"Ravenshoe",145.4842,-17.60534,"Cairns Hospital",111.20750062,"Townsville University Hospital",232.6055564,"Townsville University Hospital",232.6055564,"Princess Alexandra Hospital (PAH)",1101.35521586
1070,"Normanton",141.0761,-17.67331,"Cairns Hospital",474.21643691,"Townsville University Hospital",537.9366929,"Townsville University Hospital",537.9366929,"Princess Alexandra Hospital (PAH)",1314.59772181
1071,"Mount Garnet",145.1208,-17.67675,"Cairns Hospital",140.44383858,"Townsville University Hospital",260.4561067,"Townsville University Hospital",260.4561067,"Princess Alexandra Hospital (PAH)",1131.08045344
1072,"Burketown",139.5466,-17.74255,"Central West Sub-Acute Service",627.54846995,"Townsville University Hospital",757.3075299,"Townsville University Hospital",757.3075299,"Princess Alexandra Hospital (PAH)",1354.84381984
1073,"Silkwood",146.0203,-17.74863,"Cairns Hospital",91.47104612,"Townsville University Hospital",154.9077532,"Townsville University Hospital",154.9077532,"Princess Alexandra Hospital (PAH)",1019.39226228
1074,"Kurrimine",146.1047,-17.77796,"Cairns Hospital",98.35802401,"Townsville University Hospital",161.2411821,"Townsville University Hospital",161.2411821,"Princess Alexandra Hospital (PAH)",1025.73744733
1075,"El Arish",146.0048,-17.80559,"Cairns Hospital",95.52065852,"Townsville University Hospital",149.0178481,"Townsville University Hospital",149.0178481,"Princess Alexandra Hospital (PAH)",1013.66796843
1076,"Bingil Bay",146.0976,-17.83471,"Cairns Hospital",108.65040838,"Townsville University Hospital",161.1911088,"Townsville University Hospital",161.1911088,"Princess Alexandra Hospital (PAH)",1025.68736316
1077,"Mission Beach",146.107,-17.86879,"Cairns Hospital",108.98811703,"Townsville University Hospital",160.1762431,"Townsville University Hospital",160.1762431,"Princess Alexandra Hospital (PAH)",1024.685786
1078,"Wongaling Beach",146.091,-17.91401,"Cairns Hospital",113.42003723,"Townsville University Hospital",156.6847228,"Townsville University Hospital",156.6847228,"Princess Alexandra Hospital (PAH)",1021.14254016
1079,"Tully",145.9217,-17.93491,"Cairns Hospital",108.63310577,"Townsville University Hospital",139.9028961,"Townsville University Hospital",139.9028961,"Princess Alexandra Hospital (PAH)",1004.70450529
1080,"Doomadgee",138.824,-17.94141,"Central West Sub-Acute Service",663.20321836,"Townsville University Hospital",791.3431982,"Townsville University Hospital",791.3431982,"Princess Alexandra Hospital (PAH)",1391.67012381
1081,"South Mission Beach",146.0909,-17.94652,"Cairns Hospital",116.66378989,"Townsville University Hospital",157.5556804,"Townsville University Hospital",157.5556804,"Princess Alexandra Hospital (PAH)",1022.01046523
1082,"Carmoo",146.0461,-17.94788,"Cairns Hospital",111.060871,"Townsville University Hospital",148.548011,"Townsville University Hospital",148.548011,"Princess Alexandra Hospital (PAH)",1013.20991875
1083,"Tully Heads",146.0563,-18.01976,"Cairns Hospital",122.06891745,"Townsville University Hospital",146.4029742,"Townsville University Hospital",146.4029742,"Princess Alexandra Hospital (PAH)",1011.11026584
1084,"Croydon",142.2422,-18.2051,"Cairns Hospital",378.75516174,"Townsville University Hospital",440.8011271,"Townsville University Hospital",440.8011271,"Princess Alexandra Hospital (PAH)",1277.52098704
1085,"Cardwell",146.0227,-18.26396,"Townsville University Hospital",110.1552451,"Townsville University Hospital",110.1552451,"Townsville University Hospital",110.1552451,"Princess Alexandra Hospital (PAH)",975.60575
1086,"Georgetown",143.5479,-18.29241,"Cairns Hospital",281.9391976,"Townsville University Hospital",345.7479095,"Townsville University Hospital",345.7479095,"Princess Alexandra Hospital (PAH)",1182.58553867
1087,"Lucinda",146.3337,-18.52889,"Townsville University Hospital",95.78898402,"Townsville University Hospital",95.78898402,"Townsville University Hospital",95.78898402,"Princess Alexandra Hospital (PAH)",961.67770716
1088,"Halifax",146.2856,-18.58094,"Townsville University Hospital",88.62110909,"Townsville University Hospital",88.62110909,"Townsville University Hospital",88.62110909,"Princess Alexandra Hospital (PAH)",954.74004745
1089,"Macknade",146.2605,-18.58664,"Townsville University Hospital",87.42525437,"Townsville University Hospital",87.42525437,"Townsville University Hospital",87.42525437,"Princess Alexandra Hospital (PAH)",953.59640139
1090,"Taylors Beach",146.3273,-18.62407,"Townsville University Hospital",93.48412274,"Townsville University Hospital",93.48412274,"Townsville University Hospital",93.48412274,"Princess Alexandra Hospital (PAH)",959.428607
1091,"Trebonne",146.0781,-18.62689,"Townsville University Hospital",80.53296272,"Townsville University Hospital",80.53296272,"Townsville University Hospital",80.53296272,"Princess Alexandra Hospital (PAH)",946.83818809
1092,"Ingham",146.1581,-18.64706,"Townsville University Hospital",75.33067823,"Townsville University Hospital",75.33067823,"Townsville University Hospital",75.33067823,"Princess Alexandra Hospital (PAH)",941.76225389
1093,"Allingham",146.2953,-18.70771,"Townsville University Hospital",87.7786455,"Townsville University Hospital",87.7786455,"Townsville University Hospital",87.7786455,"Princess Alexandra Hospital (PAH)",953.93409697
1094,"Palm Island",146.6058,-18.72665,"Townsville University Hospital",284.3648964,"Townsville University Hospital",284.3648964,"Townsville University Hospital",284.3648964,"Princess Alexandra Hospital (PAH)",1142.99198156
1095,"Balgal Beach",146.4083,-19.01722,"Townsville University Hospital",40.98592217,"Townsville University Hospital",40.98592217,"Townsville University Hospital",40.98592217,"Princess Alexandra Hospital (PAH)",908.36588097
1096,"Horseshoe Bay",146.8597,-19.11815,"Townsville University Hospital",70.42251091,"Townsville University Hospital",70.42251091,"Townsville University Hospital",70.42251091,"Princess Alexandra Hospital (PAH)",925.42126765
1097,"Toolakea",146.5788,-19.14605,"Townsville University Hospital",28.14502335,"Townsville University Hospital",28.14502335,"Townsville University Hospital",28.14502335,"Princess Alexandra Hospital (PAH)",895.85814511
1098,"Arcadia Bay",146.8651,-19.14853,"Townsville University Hospital",66.25233923,"Townsville University Hospital",66.25233923,"Townsville University Hospital",66.25233923,"Princess Alexandra Hospital (PAH)",921.3842622
1099,"Nelly Bay",146.8484,-19.15696,"Townsville University Hospital",64.50439318,"Townsville University Hospital",64.50439318,"Townsville University Hospital",64.50439318,"Princess Alexandra Hospital (PAH)",919.64035292
1100,"Saunders Beach",146.6098,-19.15875,"Townsville University Hospital",24.8172253,"Townsville University Hospital",24.8172253,"Townsville University Hospital",24.8172253,"Princess Alexandra Hospital (PAH)",892.66484531
1101,"Bluewater",146.5589,-19.1675,"Townsville University Hospital",24.33048709,"Townsville University Hospital",24.33048709,"Townsville University Hospital",24.33048709,"Princess Alexandra Hospital (PAH)",892.19460525
1102,"Picnic Bay",146.8379,-19.17814,"Townsville University Hospital",67.93645744,"Townsville University Hospital",67.93645744,"Townsville University Hospital",67.93645744,"Princess Alexandra Hospital (PAH)",923.03592324
1103,"Yabulu",146.5851,-19.20155,"Townsville University Hospital",20.55597816,"Townsville University Hospital",20.55597816,"Townsville University Hospital",20.55597816,"Princess Alexandra Hospital (PAH)",888.47991943
1104,"Pallarenda",146.773,-19.20234,"Townsville University Hospital",20.55136238,"Townsville University Hospital",20.55136238,"Townsville University Hospital",20.55136238,"Princess Alexandra Hospital (PAH)",883.05998047
1105,"Bluewater Park",146.5138,-19.20308,"Townsville University Hospital",27.82355798,"Townsville University Hospital",27.82355798,"Townsville University Hospital",27.82355798,"Princess Alexandra Hospital (PAH)",895.55620901
1106,"Black River",146.618,-19.23302,"Townsville University Hospital",17.40782956,"Townsville University Hospital",17.40782956,"Townsville University Hospital",17.40782956,"Princess Alexandra Hospital (PAH)",885.40273137
1107,"Townsville",146.8092,-19.26508,"Townsville University Hospital",15.43296472,"Townsville University Hospital",15.43296472,"Townsville University Hospital",15.43296472,"Princess Alexandra Hospital (PAH)",874.21362725
1108,"Rangewood",146.6392,-19.31192,"Townsville University Hospital",13.49819877,"Townsville University Hospital",13.49819877,"Townsville University Hospital",13.49819877,"Princess Alexandra Hospital (PAH)",881.54722567
1109,"Alice River",146.6023,-19.32778,"Townsville University Hospital",16.00790769,"Townsville University Hospital",16.00790769,"Townsville University Hospital",16.00790769,"Princess Alexandra Hospital (PAH)",884.01455417
1110,"Nome",146.9099,-19.37372,"Townsville University Hospital",17.938261,"Townsville University Hospital",17.938261,"Townsville University Hospital",17.938261,"Princess Alexandra Hospital (PAH)",858.87704725
1111,"Cungulla",147.1112,-19.40128,"Townsville University Hospital",34.92663311,"Townsville University Hospital",34.92663311,"Townsville University Hospital",34.92663311,"Princess Alexandra Hospital (PAH)",859.89311742
1112,"Alligator Creek",146.9432,-19.42302,"Townsville University Hospital",23.91320446,"Townsville University Hospital",23.91320446,"Townsville University Hospital",23.91320446,"Princess Alexandra Hospital (PAH)",858.08251766
1113,"Alva Beach",147.4799,-19.45506,"Townsville University Hospital",75.38588839,"Townsville University Hospital",75.38588839,"Townsville University Hospital",75.38588839,"Princess Alexandra Hospital (PAH)",827.0868084
1114,"Giru",147.1066,-19.51333,"Townsville University Hospital",39.88493742,"Townsville University Hospital",39.88493742,"Townsville University Hospital",39.88493742,"Princess Alexandra Hospital (PAH)",839.28786562
1115,"Kalamia Estate",147.4184,-19.53428,"Townsville University Hospital",67.14997686,"Townsville University Hospital",67.14997686,"Townsville University Hospital",67.14997686,"Princess Alexandra Hospital (PAH)",819.05056551
1116,"Brandon",147.3554,-19.55389,"Townsville University Hospital",55.77882303,"Townsville University Hospital",55.77882303,"Townsville University Hospital",55.77882303,"Princess Alexandra Hospital (PAH)",816.07768451
1117,"Ayr",147.4056,-19.57545,"Townsville University Hospital",61.79092973,"Townsville University Hospital",61.79092973,"Townsville University Hospital",61.79092973,"Princess Alexandra Hospital (PAH)",813.1068012
1118,"Home Hill",147.4144,-19.66043,"Townsville University Hospital",70.87277856,"Townsville University Hospital",70.87277856,"Townsville University Hospital",70.87277856,"Princess Alexandra Hospital (PAH)",802.49705628
1119,"Camooweal",138.119,-19.92248,"Central West Sub-Acute Service",543.87424823,"Townsville University Hospital",719.0156323,"Townsville University Hospital",719.0156323,"Princess Alexandra Hospital (PAH)",1271.73746243
1120,"Bowen",148.2418,-20.01494,"Townsville University Hospital",136.0164966,"Townsville University Hospital",136.0164966,"Townsville University Hospital",136.0164966,"Princess Alexandra Hospital (PAH)",744.6070073
1121,"Merinda",148.1648,-20.01751,"Townsville University Hospital",128.9773991,"Townsville University Hospital",128.9773991,"Townsville University Hospital",128.9773991,"Princess Alexandra Hospital (PAH)",747.23423113
1122,"Charters Towers",146.2598,-20.07699,"Townsville University Hospital",90.71172953,"Townsville University Hospital",90.71172953,"Townsville University Hospital",90.71172953,"Princess Alexandra Hospital (PAH)",863.05895323
1123,"Hideaway Bay - Dingo Beach",148.4886,-20.08489,"Sarina Hospital",130.10895934,"Townsville University Hospital",183.9408397,"Townsville University Hospital",183.9408397,"Princess Alexandra Hospital (PAH)",729.95230319
1124,"Ravenswood",146.8898,-20.10146,"Townsville University Hospital",82.7330207,"Townsville University Hospital",82.7330207,"Townsville University Hospital",82.7330207,"Princess Alexandra Hospital (PAH)",910.96989473
1125,"Airlie Beach",148.7132,-20.26829,"Sarina Hospital",123.72681749,"Townsville University Hospital",187.9391187,"Townsville University Hospital",187.9391187,"Princess Alexandra Hospital (PAH)",723.96132534
1126,"Cannonvale",148.6962,-20.2769,"Sarina Hospital",119.99935087,"Townsville University Hospital",184.2158004,"Townsville University Hospital",184.2158004,"Princess Alexandra Hospital (PAH)",720.44403786
1128,"Mount Julian",148.6196,-20.37468,"Sarina Hospital",108.53104042,"Townsville University Hospital",176.5526797,"Townsville University Hospital",176.5526797,"Princess Alexandra Hospital (PAH)",709.53247349
1129,"Proserpine",148.5821,-20.40489,"Sarina Hospital",104.65296503,"Townsville University Hospital",175.0745524,"Townsville University Hospital",175.0745524,"Princess Alexandra Hospital (PAH)",705.77077764
1130,"Collinsville",147.8441,-20.55341,"Townsville University Hospital",180.8340175,"Townsville University Hospital",180.8340175,"Townsville University Hospital",180.8340175,"Princess Alexandra Hospital (PAH)",757.26402127
1131,"Scottville",147.8184,-20.57206,"Townsville University Hospital",184.6055052,"Townsville University Hospital",184.6055052,"Townsville University Hospital",184.6055052,"Princess Alexandra Hospital (PAH)",757.65286287
1132,"Midge Point",148.7213,-20.65029,"Sarina Hospital",89.85683557,"Townsville University Hospital",197.2785208,"Townsville University Hospital",197.2785208,"Princess Alexandra Hospital (PAH)",691.35733541
1133,"Julia Creek",141.7435,-20.65701,"Central West Sub-Acute Service",301.29055709,"Townsville University Hospital",437.1810472,"Townsville University Hospital",437.1810472,"Princess Alexandra Hospital (PAH)",1031.95015182
1134,"Cloncurry",140.5092,-20.70554,"Central West Sub-Acute Service",343.07851912,"Townsville University Hospital",527.8910342,"Townsville University Hospital",527.8910342,"Princess Alexandra Hospital (PAH)",1071.81933158
1135,"Mount Isa",139.4993,-20.73044,"Central West Sub-Acute Service",423.92631159,"Townsville University Hospital",605.3104692,"Townsville University Hospital",605.3104692,"Princess Alexandra Hospital (PAH)",1154.09798635
1136,"Richmond",143.1423,-20.73186,"Townsville University Hospital",338.2240319,"Townsville University Hospital",338.2240319,"Townsville University Hospital",338.2240319,"Princess Alexandra Hospital (PAH)",1067.30759922
1137,"Hughenden",144.1992,-20.84553,"Townsville University Hospital",258.6784947,"Townsville University Hospital",258.6784947,"Townsville University Hospital",258.6784947,"Princess Alexandra Hospital (PAH)",993.1820469
1138,"Seaforth",148.9607,-20.89524,"Sarina Hospital",57.80491709,"Townsville University Hospital",248.8488104,"Townsville University Hospital",248.8488104,"Princess Alexandra Hospital (PAH)",659.84098225
1139,"Calen",148.7716,-20.89849,"Sarina Hospital",60.00792021,"Townsville University Hospital",217.8878607,"Townsville University Hospital",217.8878607,"Princess Alexandra Hospital (PAH)",661.97743948
1140,"Haliday Bay - Ball Bay",148.9879,-20.90075,"Sarina Hospital",57.38131662,"Townsville University Hospital",248.4252623,"Townsville University Hospital",248.4252623,"Princess Alexandra Hospital (PAH)",659.41737075
1141,"Killarney",152.2963,-28.33305,"Princess Alexandra Hospital (PAH)",125.95798438,"Princess Alexandra Hospital (PAH)",125.95798438,"Princess Alexandra Hospital (PAH)",125.95798438,"Princess Alexandra Hospital (PAH)",125.95798438
1142,"Nindaroo",149.1636,-21.05945,"Sarina Hospital",40.73782531,"Townsville University Hospital",259.6209409,"Townsville University Hospital",259.6209409,"Princess Alexandra Hospital (PAH)",642.93311355
1143,"Farleigh",149.1017,-21.10705,"Sarina Hospital",31.85931372,"Townsville University Hospital",245.7122812,"Townsville University Hospital",245.7122812,"Princess Alexandra Hospital (PAH)",634.1895335
1144,"Erakala",149.1071,-21.12326,"Sarina Hospital",33.74509914,"Townsville University Hospital",247.6294439,"Townsville University Hospital",247.6294439,"Princess Alexandra Hospital (PAH)",636.04010989
1145,"Finch Hatton",148.6313,-21.14165,"Sarina Hospital",67.44433067,"Townsville University Hospital",259.6765666,"Townsville University Hospital",259.6765666,"Princess Alexandra Hospital (PAH)",669.30317097
1146,"Marian",148.9428,-21.14558,"Sarina Hospital",41.27033569,"Townsville University Hospital",241.830663,"Townsville University Hospital",241.830663,"Princess Alexandra Hospital (PAH)",643.46588863
1147,"Mackay",149.1664,-21.15497,"Sarina Hospital",27.08018152,"Townsville University Hospital",256.3593963,"Townsville University Hospital",256.3593963,"Princess Alexandra Hospital (PAH)",629.39919221
1148,"Mirani",148.8653,-21.16023,"Sarina Hospital",48.46861957,"Townsville University Hospital",248.3788949,"Townsville University Hospital",248.3788949,"Princess Alexandra Hospital (PAH)",650.62973268
1149,"Walkerston",149.0554,-21.16249,"Sarina Hospital",32.19897452,"Townsville University Hospital",248.8363873,"Townsville University Hospital",248.8363873,"Princess Alexandra Hospital (PAH)",634.52352739
1150,"Bakers Creek",149.1521,-21.20776,"Sarina Hospital",22.20324325,"Townsville University Hospital",258.6617332,"Townsville University Hospital",258.6617332,"Princess Alexandra Hospital (PAH)",624.56135514
1151,"Eton",148.9732,-21.26365,"Sarina Hospital",30.73659094,"Townsville University Hospital",253.168276,"Townsville University Hospital",253.168276,"Princess Alexandra Hospital (PAH)",633.05896328
1152,"Hay Point",149.2905,-21.29652,"Sarina Hospital",19.84533094,"Townsville University Hospital",276.9150095,"Townsville University Hospital",276.9150095,"Princess Alexandra Hospital (PAH)",622.1757903
1153,"Glenden",148.1138,-21.35315,"Sarina Hospital",115.29461732,"Townsville University Hospital",258.0834264,"Townsville University Hospital",258.0834264,"Princess Alexandra Hospital (PAH)",686.70439646
1154,"Grasstree Beach",149.3067,-21.36404,"Sarina Hospital",15.47114335,"Townsville University Hospital",277.1300937,"Townsville University Hospital",277.1300937,"Princess Alexandra Hospital (PAH)",617.76421541
1155,"Campwin Beach",149.313,-21.37793,"Sarina Hospital",13.84397391,"Townsville University Hospital",278.5367429,"Townsville University Hospital",278.5367429,"Princess Alexandra Hospital (PAH)",616.13100743
1156,"Sarina Beach",149.3095,-21.38995,"Sarina Hospital",12.92401388,"Townsville University Hospital",277.6208537,"Townsville University Hospital",277.6208537,"Princess Alexandra Hospital (PAH)",615.20726745
1157,"Sarina",149.216,-21.4206,"Sarina Hospital",1.46802553,"Townsville University Hospital",274.7996897,"Townsville University Hospital",274.7996897,"Princess Alexandra Hospital (PAH)",604.20938672
1158,"Armstrong Beach",149.2873,-21.45078,"Sarina Hospital",10.51713568,"Townsville University Hospital",284.1726982,"Townsville University Hospital",284.1726982,"Princess Alexandra Hospital (PAH)",607.87283397
1159,"Nebo",148.6917,-21.69028,"Sarina Hospital",64.15943359,"Townsville University Hospital",294.9302369,"Townsville University Hospital",294.9302369,"Princess Alexandra Hospital (PAH)",628.2605958
1160,"Moranbah",148.0456,-22.0039,"Sarina Hospital",114.64978875,"Townsville University Hospital",356.3131912,"Townsville University Hospital",356.3131912,"Princess Alexandra Hospital (PAH)",671.58786501
1161,"Winton",143.0414,-22.38676,"Central West Sub-Acute Service",114.36301195,"Townsville University Hospital",403.3443839,"Townsville University Hospital",403.3443839,"Princess Alexandra Hospital (PAH)",861.06791173
1162,"Dysart",148.3481,-22.58982,"Sarina Hospital",145.0637337,"Townsville University Hospital",381.2894072,"Townsville University Hospital",381.2894072,"Princess Alexandra Hospital (PAH)",615.11831519
1163,"Middlemount",148.7039,-22.81426,"Sarina Hospital",145.06025594,"Townsville University Hospital",386.8274776,"Townsville University Hospital",386.8274776,"Princess Alexandra Hospital (PAH)",580.51712215
1164,"Clermont",147.6374,-22.82681,"Sarina Hospital",172.47601411,"Townsville University Hospital",328.7490393,"Townsville University Hospital",328.7490393,"Princess Alexandra Hospital (PAH)",645.70998605
1165,"Byfield",150.6508,-22.85074,"Rockhampton Hospital",56.45769829,"Princess Alexandra Hospital (PAH)",471.14886349,"Sunshine Coast University Hospital",420.11217977,"Princess Alexandra Hospital (PAH)",471.14886349
1166,"Boulia",139.9082,-22.91287,"Central West Sub-Acute Service",378.48361835,"Townsville University Hospital",663.0277266,"Townsville University Hospital",663.0277266,"Princess Alexandra Hospital (PAH)",1106.85943023
1167,"Aramac",145.2439,-22.9698,"Central West Sub-Acute Service",112.5143482,"Townsville University Hospital",622.9745977,"Townsville University Hospital",622.9745977,"Princess Alexandra Hospital (PAH)",733.16729224
1168,"Tieri",148.3497,-23.03219,"Sarina Hospital",178.19505961,"Townsville University Hospital",387.1838662,"Townsville University Hospital",387.1838662,"Princess Alexandra Hospital (PAH)",603.12487199
1169,"Capella",148.0248,-23.08513,"Sarina Hospital",200.23002194,"Townsville University Hospital",359.7269423,"Townsville University Hospital",359.7269423,"Princess Alexandra Hospital (PAH)",608.6238927
1170,"Yeppoon",150.7431,-23.12635,"Rockhampton Hospital",35.90287885,"Princess Alexandra Hospital (PAH)",450.8685383,"Sunshine Coast University Hospital",399.71786283,"Princess Alexandra Hospital (PAH)",450.8685383
1171,"The Caves",150.4661,-23.17545,"Rockhampton Hospital",24.76395602,"Princess Alexandra Hospital (PAH)",439.85838797,"Sunshine Coast University Hospital",388.648892,"Princess Alexandra Hospital (PAH)",439.85838797
1172,"Mulambin",150.7857,-23.19155,"Rockhampton Hospital",41.3604664,"Princess Alexandra Hospital (PAH)",454.45270275,"Sunshine Coast University Hospital",403.30840353,"Princess Alexandra Hospital (PAH)",454.45270275
1173,"Kinka Beach",150.7876,-23.2243,"Rockhampton Hospital",35.23921906,"Princess Alexandra Hospital (PAH)",448.41139614,"Sunshine Coast University Hospital",397.24474015,"Princess Alexandra Hospital (PAH)",448.41139614
1174,"Glendale",150.4751,-23.24572,"Rockhampton Hospital",22.422212,"Princess Alexandra Hospital (PAH)",437.53607742,"Sunshine Coast University Hospital",386.32382005,"Princess Alexandra Hospital (PAH)",437.53607742
1175,"Emu Park",150.8238,-23.25994,"Rockhampton Hospital",36.13429697,"Princess Alexandra Hospital (PAH)",449.29930062,"Sunshine Coast University Hospital",398.14406555,"Princess Alexandra Hospital (PAH)",449.29930062
1176,"Keppel Sands",150.7919,-23.3275,"Rockhampton Hospital",32.82274113,"Princess Alexandra Hospital (PAH)",446.0681726,"Sunshine Coast University Hospital",394.82802079,"Princess Alexandra Hospital (PAH)",446.0681726
1177,"Rockhampton",150.4974,-23.38918,"Rockhampton Hospital",1.86470576,"Princess Alexandra Hospital (PAH)",415.46302655,"Sunshine Coast University Hospital",363.96247801,"Princess Alexandra Hospital (PAH)",415.46302655
1178,"Rubyvale",147.6974,-23.42054,"Rockhampton Hospital",216.3468844,"Townsville University Hospital",396.0980768,"Townsville University Hospital",396.0980768,"Princess Alexandra Hospital (PAH)",615.5464337
1179,"Gracemere",150.4558,-23.43865,"Rockhampton Hospital",11.54859867,"Princess Alexandra Hospital (PAH)",414.04319946,"Sunshine Coast University Hospital",362.49725407,"Princess Alexandra Hospital (PAH)",414.04319946
1180,"Longreach",144.2475,-23.44447,"Central West Sub-Acute Service",2.83288323,"Townsville University Hospital",515.479124,"Townsville University Hospital",515.479124,"Princess Alexandra Hospital (PAH)",754.35758932
1181,"Sapphire",147.7193,-23.46006,"Rockhampton Hospital",210.28365591,"Townsville University Hospital",402.361369,"Townsville University Hospital",402.361369,"Princess Alexandra Hospital (PAH)",609.46979159
1182,"Emerald",148.1598,-23.52349,"Rockhampton Hospital",175.09618326,"Townsville University Hospital",394.3627464,"Townsville University Hospital",394.3627464,"Princess Alexandra Hospital (PAH)",574.24286584
1183,"Barcaldine",145.2854,-23.55288,"Central West Sub-Acute Service",68.16540437,"Townsville University Hospital",583.3135918,"Townsville University Hospital",583.3135918,"Princess Alexandra Hospital (PAH)",689.15282926
1184,"Blackwater",148.8834,-23.5779,"Rockhampton Hospital",127.06116908,"Townsville University Hospital",445.9500771,"Townsville University Hospital",445.9500771,"Princess Alexandra Hospital (PAH)",530.91953545
1185,"Bouldercombe",150.4668,-23.57818,"Rockhampton Hospital",18.73935771,"Princess Alexandra Hospital (PAH)",417.17048858,"Sunshine Coast University Hospital",365.70608347,"Princess Alexandra Hospital (PAH)",417.17048858
1186,"Bluff",149.0695,-23.57993,"Rockhampton Hospital",113.6529587,"Townsville University Hospital",457.9731037,"Townsville University Hospital",457.9731037,"Princess Alexandra Hospital (PAH)",517.58857121
1187,"Mount Morgan",150.3881,-23.64464,"Rockhampton Hospital",33.15940248,"Princess Alexandra Hospital (PAH)",431.23924003,"Sunshine Coast University Hospital",379.93312458,"Princess Alexandra Hospital (PAH)",431.23924003
1188,"Dingo",149.3315,-23.64629,"Rockhampton Hospital",95.5838742,"Townsville University Hospital",467.7323478,"Sunshine Coast University Hospital",448.72438256,"Princess Alexandra Hospital (PAH)",499.66503901
1189,"Alpha",146.6387,-23.65028,"Central West Sub-Acute Service",154.18488032,"Townsville University Hospital",485.8604306,"Townsville University Hospital",485.8604306,"Princess Alexandra Hospital (PAH)",678.0525876
1190,"Duaringa",149.6687,-23.71846,"Rockhampton Hospital",73.39737688,"Princess Alexandra Hospital (PAH)",477.67254067,"Sunshine Coast University Hospital",426.65671138,"Princess Alexandra Hospital (PAH)",477.67254067
1191,"Willows Gemfields",147.5411,-23.73932,"Central West Sub-Acute Service",222.21981895,"Townsville University Hospital",433.1208823,"Townsville University Hospital",433.1208823,"Princess Alexandra Hospital (PAH)",625.3939618
1192,"Mount Larcom",150.9799,-23.8124,"Rockhampton Hospital",50.70530703,"Princess Alexandra Hospital (PAH)",368.11848685,"Sunshine Coast University Hospital",315.67528127,"Princess Alexandra Hospital (PAH)",368.11848685
1193,"Gladstone",151.2578,-23.84753,"Rockhampton Hospital",76.24578192,"Princess Alexandra Hospital (PAH)",355.78865832,"Sunshine Coast University Hospital",302.98684364,"Princess Alexandra Hospital (PAH)",355.78865832
1194,"Tannum Sands",151.3685,-23.94867,"Rockhampton Hospital",91.34000076,"Princess Alexandra Hospital (PAH)",341.93598594,"Sunshine Coast University Hospital",288.81789763,"Princess Alexandra Hospital (PAH)",341.93598594
1195,"Wurdong Heights",151.3025,-23.98485,"Rockhampton Hospital",82.23197278,"Princess Alexandra Hospital (PAH)",340.62432803,"Sunshine Coast University Hospital",287.45862769,"Princess Alexandra Hospital (PAH)",340.62432803
1196,"Calliope",151.213,-23.99655,"Rockhampton Hospital",72.98787469,"Princess Alexandra Hospital (PAH)",348.44793403,"Sunshine Coast University Hospital",295.58467395,"Princess Alexandra Hospital (PAH)",348.44793403
1197,"Benaraby",151.3256,-24.00187,"Rockhampton Hospital",81.87879932,"Princess Alexandra Hospital (PAH)",337.79102668,"Sunshine Coast University Hospital",284.61314942,"Princess Alexandra Hospital (PAH)",337.79102668
1198,"Springsure",148.0891,-24.11595,"Roma Hospital",213.75455657,"Townsville University Hospital",439.522835,"Townsville University Hospital",439.522835,"Princess Alexandra Hospital (PAH)",528.55891142
1199,"Woorabinda",149.4575,-24.1306,"Rockhampton Hospital",110.80360343,"Princess Alexandra Hospital (PAH)",477.37438005,"Sunshine Coast University Hospital",426.35446126,"Princess Alexandra Hospital (PAH)",477.37438005
1200,"Seventeen Seventy",151.8855,-24.16343,"Rockhampton Hospital",156.73840221,"Princess Alexandra Hospital (PAH)",333.09678321,"Sunshine Coast University Hospital",279.86529269,"Princess Alexandra Hospital (PAH)",333.09678321
1201,"Baralaba",149.8114,-24.17958,"Rockhampton Hospital",100.2129985,"Princess Alexandra Hospital (PAH)",450.94398209,"Sunshine Coast University Hospital",399.79373676,"Princess Alexandra Hospital (PAH)",450.94398209
1202,"Agnes Water",151.9008,-24.21017,"Rockhampton Hospital",149.81857206,"Princess Alexandra Hospital (PAH)",326.39834542,"Sunshine Coast University Hospital",272.98985458,"Princess Alexandra Hospital (PAH)",326.39834542
1203,"Taylors Creek",149.1545,-24.25325,"Rockhampton Hospital",138.86237034,"Princess Alexandra Hospital (PAH)",489.39862458,"Sunshine Coast University Hospital",446.21643755,"Princess Alexandra Hospital (PAH)",489.39862458
1204,"Miriam Vale",151.5583,-24.328,"Rockhampton Hospital",112.45634801,"Princess Alexandra Hospital (PAH)",307.49872197,"Sunshine Coast University Hospital",253.92786748,"Princess Alexandra Hospital (PAH)",307.49872197
1205,"Biloela",150.5098,-24.39602,"Rockhampton Hospital",98.37953085,"Princess Alexandra Hospital (PAH)",386.10321611,"Sunshine Coast University Hospital",334.04463435,"Princess Alexandra Hospital (PAH)",386.10321611
1206,"Blackall",145.4645,-24.42336,"Central West Sub-Acute Service",134.30613794,"Princess Alexandra Hospital (PAH)",623.3512071,"Princess Alexandra Hospital (PAH)",623.3512071,"Princess Alexandra Hospital (PAH)",623.3512071
1207,"Thangool",150.5751,-24.48738,"Rockhampton Hospital",107.33412866,"Princess Alexandra Hospital (PAH)",376.40835441,"Sunshine Coast University Hospital",324.21338697,"Princess Alexandra Hospital (PAH)",376.40835441
1208,"Moura",149.9719,-24.57498,"Rockhampton Hospital",118.33194804,"Princess Alexandra Hospital (PAH)",405.51872207,"Sunshine Coast University Hospital",361.47177072,"Princess Alexandra Hospital (PAH)",405.51872207
1209,"Moore Park",152.2757,-24.71776,"Gympie Hospital",150.00470182,"Princess Alexandra Hospital (PAH)",264.13260585,"Sunshine Coast University Hospital",210.69551211,"Princess Alexandra Hospital (PAH)",264.13260585
1210,"Burnett Heads",152.4149,-24.76892,"Gympie Hospital",139.22819548,"Princess Alexandra Hospital (PAH)",253.37672904,"Sunshine Coast University Hospital",199.92579959,"Princess Alexandra Hospital (PAH)",253.37672904
1211,"Bargara",152.4607,-24.81453,"Gympie Hospital",138.37847448,"Princess Alexandra Hospital (PAH)",252.52700805,"Sunshine Coast University Hospital",199.07607859,"Princess Alexandra Hospital (PAH)",252.52700805
1212,"Gooburrum",152.345,-24.81685,"Gympie Hospital",138.41607913,"Princess Alexandra Hospital (PAH)",252.56461269,"Sunshine Coast University Hospital",199.11368324,"Princess Alexandra Hospital (PAH)",252.56461269
1213,"Sloping Hummock",152.4252,-24.8436,"Gympie Hospital",133.68255,"Princess Alexandra Hospital (PAH)",247.83522222,"Sunshine Coast University Hospital",194.3819091,"Princess Alexandra Hospital (PAH)",247.83522222
1214,"Oakwood",152.298,-24.85082,"Gympie Hospital",135.7129896,"Princess Alexandra Hospital (PAH)",249.87034168,"Sunshine Coast University Hospital",196.41638158,"Princess Alexandra Hospital (PAH)",249.87034168
1215,"Monto",151.1207,-24.86547,"Rockhampton Hospital",159.52863455,"Princess Alexandra Hospital (PAH)",326.23223226,"Sunshine Coast University Hospital",272.82296536,"Princess Alexandra Hospital (PAH)",326.23223226
1216,"Bundaberg",152.3444,-24.87052,"Gympie Hospital",130.99957899,"Princess Alexandra Hospital (PAH)",245.16229387,"Sunshine Coast University Hospital",191.70226815,"Princess Alexandra Hospital (PAH)",245.16229387
1217,"Innes Park",152.4823,-24.88137,"Gympie Hospital",135.33108674,"Princess Alexandra Hospital (PAH)",249.48843881,"Sunshine Coast University Hospital",196.03447871,"Princess Alexandra Hospital (PAH)",249.48843881
1218,"Tambo",146.2549,-24.88339,"Central West Sub-Acute Service",196.4561634,"Princess Alexandra Hospital (PAH)",559.29948721,"Princess Alexandra Hospital (PAH)",559.29948721,"Princess Alexandra Hospital (PAH)",559.29948721
1219,"Sharon",152.2587,-24.88377,"Gympie Hospital",133.09292477,"Princess Alexandra Hospital (PAH)",247.24855361,"Sunshine Coast University Hospital",193.79524049,"Princess Alexandra Hospital (PAH)",247.24855361
1220,"Elliott Heads",152.4888,-24.9178,"Gympie Hospital",137.06217543,"Princess Alexandra Hospital (PAH)",251.21477385,"Sunshine Coast University Hospital",197.76380072,"Princess Alexandra Hospital (PAH)",251.21477385
1221,"Theodore",150.075,-24.94678,"Rockhampton Hospital",140.39542312,"Princess Alexandra Hospital (PAH)",368.73268855,"Sunshine Coast University Hospital",319.99396069,"Princess Alexandra Hospital (PAH)",368.73268855
1222,"South Bingera",152.2194,-24.96842,"Gympie Hospital",120.40106132,"Princess Alexandra Hospital (PAH)",234.54586673,"Sunshine Coast University Hospital",181.09657952,"Princess Alexandra Hospital (PAH)",234.54586673
1223,"Gin Gin",151.9557,-24.99157,"Gympie Hospital",130.83920626,"Princess Alexandra Hospital (PAH)",245.00192114,"Sunshine Coast University Hospital",191.54189542,"Princess Alexandra Hospital (PAH)",245.00192114
1224,"Woodgate",152.5506,-25.0964,"Gympie Hospital",115.14374972,"Princess Alexandra Hospital (PAH)",229.30522542,"Sunshine Coast University Hospital",175.85533838,"Princess Alexandra Hospital (PAH)",229.30522542
1225,"Cordalba",152.2111,-25.15681,"Gympie Hospital",105.04219146,"Princess Alexandra Hospital (PAH)",219.21288079,"Sunshine Coast University Hospital",165.76269887,"Princess Alexandra Hospital (PAH)",219.21288079
1226,"Mount Perry",151.6442,-25.18036,"Gympie Hospital",165.59883874,"Princess Alexandra Hospital (PAH)",280.02265948,"Sunshine Coast University Hospital",226.2572709,"Princess Alexandra Hospital (PAH)",280.02265948
1227,"Burrum Heads",152.609,-25.18701,"Gympie Hospital",86.73335173,"Princess Alexandra Hospital (PAH)",200.95292015,"Sunshine Coast University Hospital",147.48894979,"Princess Alexandra Hospital (PAH)",200.95292015
1228,"Burrum Heads - East",152.6334,-25.21101,"Gympie Hospital",85.58766195,"Princess Alexandra Hospital (PAH)",199.81057036,"Sunshine Coast University Hospital",146.34616628,"Princess Alexandra Hospital (PAH)",199.81057036
1229,"Apple Tree Creek",152.2338,-25.22391,"Gympie Hospital",98.47042623,"Princess Alexandra Hospital (PAH)",212.68837744,"Sunshine Coast University Hospital",159.22714262,"Princess Alexandra Hospital (PAH)",212.68837744
1230,"Burrum Heads - South",152.5934,-25.23535,"Gympie Hospital",82.78587132,"Princess Alexandra Hospital (PAH)",197.01011564,"Sunshine Coast University Hospital",143.54587695,"Princess Alexandra Hospital (PAH)",197.01011564
1231,"Childers",152.2765,-25.23536,"Gympie Hospital",93.78146891,"Princess Alexandra Hospital (PAH)",207.99865239,"Sunshine Coast University Hospital",154.54494286,"Princess Alexandra Hospital (PAH)",207.99865239
1232,"Toogoom",152.6898,-25.25614,"Gympie Hospital",84.14939263,"Princess Alexandra Hospital (PAH)",198.37264897,"Sunshine Coast University Hospital",144.90789696,"Princess Alexandra Hospital (PAH)",198.37264897
1233,"Pacific Haven",152.5565,-25.26683,"Gympie Hospital",80.56699047,"Princess Alexandra Hospital (PAH)",194.77866729,"Sunshine Coast University Hospital",141.3309999,"Princess Alexandra Hospital (PAH)",194.77866729
1234,"Hervey Bay",152.8722,-25.28535,"Gympie Hospital",93.6256927,"Princess Alexandra Hospital (PAH)",207.8428762,"Sunshine Coast University Hospital",154.38877062,"Princess Alexandra Hospital (PAH)",207.8428762
1235,"Howard",152.5602,-25.31648,"Gympie Hospital",75.79119858,"Princess Alexandra Hospital (PAH)",190.00304065,"Sunshine Coast University Hospital",136.55955035,"Princess Alexandra Hospital (PAH)",190.00304065
1236,"Torbanlea",152.596,-25.34752,"Gympie Hospital",72.42341975,"Princess Alexandra Hospital (PAH)",186.67341626,"Sunshine Coast University Hospital",133.20512364,"Princess Alexandra Hospital (PAH)",186.67341626
1237,"Walligan",152.771,-25.35161,"Gympie Hospital",78.43612743,"Princess Alexandra Hospital (PAH)",192.6491475,"Sunshine Coast University Hospital",139.20780349,"Princess Alexandra Hospital (PAH)",192.6491475
1238,"Sunshine Acres",152.7889,-25.35801,"Gympie Hospital",80.33911219,"Princess Alexandra Hospital (PAH)",194.55208803,"Sunshine Coast University Hospital",141.10442064,"Princess Alexandra Hospital (PAH)",194.55208803
1239,"Booral",152.9037,-25.36202,"Gympie Hospital",88.49877949,"Princess Alexandra Hospital (PAH)",202.71382284,"Sunshine Coast University Hospital",149.2497496,"Princess Alexandra Hospital (PAH)",202.71382284
1240,"Eidsvold",151.1221,-25.37064,"Gympie Hospital",154.93388367,"Princess Alexandra Hospital (PAH)",269.44534802,"Sunshine Coast University Hospital",215.61584623,"Princess Alexandra Hospital (PAH)",269.44534802
1241,"River Heads",152.9102,-25.39864,"Gympie Hospital",91.91193603,"Princess Alexandra Hospital (PAH)",206.12836416,"Sunshine Coast University Hospital",152.66673564,"Princess Alexandra Hospital (PAH)",206.12836416
1242,"Aldershot",152.6613,-25.46311,"Gympie Hospital",63.24853279,"Princess Alexandra Hospital (PAH)",177.52692681,"Sunshine Coast University Hospital",124.06841082,"Princess Alexandra Hospital (PAH)",177.52692681
1243,"Biggenden",152.0449,-25.50952,"Gympie Hospital",81.32511479,"Princess Alexandra Hospital (PAH)",195.53392371,"Sunshine Coast University Hospital",142.08512041,"Princess Alexandra Hospital (PAH)",195.53392371
1244,"Oakhurst",152.6206,-25.51008,"Gympie Hospital",65.10509803,"Princess Alexandra Hospital (PAH)",179.37928685,"Sunshine Coast University Hospital",125.92185878,"Princess Alexandra Hospital (PAH)",179.37928685
1245,"Maryborough",152.6935,-25.52726,"Gympie Hospital",61.60736093,"Princess Alexandra Hospital (PAH)",175.86470872,"Sunshine Coast University Hospital",122.42544636,"Princess Alexandra Hospital (PAH)",175.86470872
1246,"Mundubbera",151.2992,-25.59115,"Gympie Hospital",131.35589537,"Princess Alexandra Hospital (PAH)",245.51691217,"Sunshine Coast University Hospital",192.0582111,"Princess Alexandra Hospital (PAH)",245.51691217
1247,"Maaroom",152.8722,-25.61156,"Gympie Hospital",58.64276057,"Princess Alexandra Hospital (PAH)",168.93251434,"Sunshine Coast University Hospital",115.50606703,"Princess Alexandra Hospital (PAH)",168.93251434
1248,"Gayndah",151.6074,-25.62451,"Gympie Hospital",104.06433475,"Princess Alexandra Hospital (PAH)",218.24577166,"Sunshine Coast University Hospital",164.79340737,"Princess Alexandra Hospital (PAH)",218.24577166
1249,"Taroom",149.7974,-25.6412,"Roma Hospital",107.90624452,"Princess Alexandra Hospital (PAH)",308.00880443,"Royal Brisbane and Women's Hospital (RBWH)",307.91615607,"Princess Alexandra Hospital (PAH)",308.00880443
1250,"Boonooroo - Tuan",152.8771,-25.6788,"Gympie Hospital",55.74438124,"Princess Alexandra Hospital (PAH)",166.0385831,"Sunshine Coast University Hospital",112.60856357,"Princess Alexandra Hospital (PAH)",166.0385831
1251,"Poona",152.9052,-25.71673,"Gympie Hospital",53.45662156,"Princess Alexandra Hospital (PAH)",163.73083566,"Sunshine Coast University Hospital",110.32605293,"Princess Alexandra Hospital (PAH)",163.73083566
1252,"Tiaro",152.584,-25.725,"Gympie Hospital",42.22491841,"Princess Alexandra Hospital (PAH)",156.5179985,"Sunshine Coast University Hospital",103.08254689,"Princess Alexandra Hospital (PAH)",156.5179985
1253,"Augathella",146.5842,-25.79596,"Roma Hospital",171.70648742,"Princess Alexandra Hospital (PAH)",488.48353991,"Princess Alexandra Hospital (PAH)",488.48353991,"Princess Alexandra Hospital (PAH)",488.48353991
1254,"Injune",148.5651,-25.84311,"Roma Hospital",59.5551316,"Princess Alexandra Hospital (PAH)",375.55593746,"Princess Alexandra Hospital (PAH)",375.55593746,"Princess Alexandra Hospital (PAH)",375.55593746
1255,"Bauple Forest",152.636,-25.85212,"Gympie Hospital",39.66651087,"Princess Alexandra Hospital (PAH)",153.96211968,"Sunshine Coast University Hospital",100.52947257,"Princess Alexandra Hospital (PAH)",153.96211968
1256,"Rainbow Beach",153.0922,-25.90782,"Gympie Hospital",53.22456033,"Princess Alexandra Hospital (PAH)",163.49877443,"Sunshine Coast University Hospital",110.09311846,"Princess Alexandra Hospital (PAH)",163.49877443
1257,"Tin Can Bay",153.0031,-25.91357,"Gympie Hospital",39.68284476,"Princess Alexandra Hospital (PAH)",149.99542777,"Sunshine Coast University Hospital",96.56184616,"Princess Alexandra Hospital (PAH)",149.99542777
1258,"Glenwood",152.6324,-25.94735,"Gympie Hospital",28.65255854,"Princess Alexandra Hospital (PAH)",142.9521597,"Sunshine Coast University Hospital",89.66857328,"Princess Alexandra Hospital (PAH)",142.9521597
1259,"Cooloola Village",152.982,-25.97598,"Gympie Hospital",41.08463529,"Princess Alexandra Hospital (PAH)",151.39898318,"Sunshine Coast University Hospital",97.96163115,"Princess Alexandra Hospital (PAH)",151.39898318
1260,"Curra",152.5881,-26.07081,"Gympie Hospital",15.08238454,"Princess Alexandra Hospital (PAH)",128.57579039,"Sunshine Coast University Hospital",76.12086363,"Princess Alexandra Hospital (PAH)",128.57579039
1261,"Kilkivan",152.2399,-26.08621,"Gympie Hospital",35.04031316,"Princess Alexandra Hospital (PAH)",149.3516243,"Sunshine Coast University Hospital",95.91131067,"Princess Alexandra Hospital (PAH)",149.3516243
1262,"Wandoan",149.9628,-26.12088,"Roma Hospital",111.2589025,"Princess Alexandra Hospital (PAH)",270.75040345,"Royal Brisbane and Women's Hospital (RBWH)",270.65481875,"Princess Alexandra Hospital (PAH)",270.75040345
1263,"Proston",151.603,-26.16377,"Gympie Hospital",95.11829144,"Princess Alexandra Hospital (PAH)",209.33679801,"Sunshine Coast University Hospital",155.88413614,"Princess Alexandra Hospital (PAH)",209.33679801
1264,"Goomeri",152.0647,-26.18048,"Gympie Hospital",53.02007669,"Princess Alexandra Hospital (PAH)",167.293968,"Sunshine Coast University Hospital",113.86986644,"Princess Alexandra Hospital (PAH)",167.293968
1265,"Gympie",152.6706,-26.18893,"Gympie Hospital",3.55737437,"Princess Alexandra Hospital (PAH)",114.37907544,"Sunshine Coast University Hospital",62.04381894,"Princess Alexandra Hospital (PAH)",114.37907544
1266,"The Palms",152.5889,-26.19336,"Gympie Hospital",10.31147673,"Princess Alexandra Hospital (PAH)",121.33218415,"Sunshine Coast University Hospital",68.89639057,"Princess Alexandra Hospital (PAH)",121.33218415
1267,"Nahrunda",152.6127,-26.20237,"Gympie Hospital",7.60932069,"Princess Alexandra Hospital (PAH)",118.58733998,"Sunshine Coast University Hospital",66.20112101,"Princess Alexandra Hospital (PAH)",118.58733998
1268,"Gowrie",146.3207,-26.23114,"Roma Hospital",184.3854717,"Princess Alexandra Hospital (PAH)",501.11740632,"Princess Alexandra Hospital (PAH)",501.11740632,"Princess Alexandra Hospital (PAH)",501.11740632
1269,"Pie Creek",152.6277,-26.23769,"Gympie Hospital",8.77834448,"Princess Alexandra Hospital (PAH)",114.64113349,"Sunshine Coast University Hospital",62.30279687,"Princess Alexandra Hospital (PAH)",114.64113349
1270,"Murgon",151.9402,-26.24246,"Gympie Hospital",64.33752054,"Princess Alexandra Hospital (PAH)",178.61512818,"Sunshine Coast University Hospital",125.16113758,"Princess Alexandra Hospital (PAH)",178.61512818
1271,"Boreen Point",152.9952,-26.28443,"Gympie Hospital",45.2908183,"Princess Alexandra Hospital (PAH)",110.35261377,"Sunshine Coast University Hospital",57.31511157,"Princess Alexandra Hospital (PAH)",110.35261377
1272,"Cherbourg",151.9565,-26.28971,"Gympie Hospital",67.41189027,"Princess Alexandra Hospital (PAH)",181.7016288,"Sunshine Coast University Hospital",128.22764563,"Princess Alexandra Hospital (PAH)",181.7016288
1273,"Wondai",151.8736,-26.32045,"Gympie Hospital",75.49944651,"Princess Alexandra Hospital (PAH)",184.71148493,"Sunshine Coast University Hospital",136.27056289,"Princess Alexandra Hospital (PAH)",184.71148493
1274,"Cooran",152.8222,-26.33805,"Gympie Hospital",27.5501409,"Princess Alexandra Hospital (PAH)",101.88312234,"Sunshine Coast University Hospital",49.57522994,"Princess Alexandra Hospital (PAH)",101.88312234
1275,"Amamoor",152.6748,-26.34607,"Gympie Hospital",19.41181968,"Princess Alexandra Hospital (PAH)",106.93703394,"Sunshine Coast University Hospital",54.60094371,"Princess Alexandra Hospital (PAH)",106.93703394
1276,"Cooroibah",152.9939,-26.35897,"Gympie Hospital",47.81567912,"Princess Alexandra Hospital (PAH)",104.88378663,"Sunshine Coast University Hospital",48.52065412,"Princess Alexandra Hospital (PAH)",104.88378663
1277,"Pomona",152.8533,-26.36256,"Gympie Hospital",32.47140819,"Princess Alexandra Hospital (PAH)",95.72653115,"Sunshine Coast University Hospital",43.42273192,"Princess Alexandra Hospital (PAH)",95.72653115
1278,"Forest Acres",152.9413,-26.36638,"Gympie Hospital",38.77978053,"Princess Alexandra Hospital (PAH)",95.62950385,"Sunshine Coast University Hospital",43.32435701,"Princess Alexandra Hospital (PAH)",95.62950385
1279,"Black Mountain",152.8819,-26.40467,"Gympie Hospital",30.41883176,"Princess Alexandra Hospital (PAH)",92.40095052,"Sunshine Coast University Hospital",40.10394507,"Princess Alexandra Hospital (PAH)",92.40095052
1280,"Charleville",146.2416,-26.40697,"Roma Hospital",170.27740064,"Princess Alexandra Hospital (PAH)",487.05455387,"Princess Alexandra Hospital (PAH)",487.05455387,"Princess Alexandra Hospital (PAH)",487.05455387
1281,"Sunshine Beach",153.1058,-26.41021,"Sunshine Coast University Hospital",42.03553826,"Princess Alexandra Hospital (PAH)",103.22663086,"Sunshine Coast University Hospital",42.03553826,"Princess Alexandra Hospital (PAH)",103.22663086
1282,"Cooroy",152.9089,-26.41875,"Gympie Hospital",33.7968905,"Princess Alexandra Hospital (PAH)",88.14061374,"Sunshine Coast University Hospital",35.86800197,"Princess Alexandra Hospital (PAH)",88.14061374
1283,"Doonan - Tinbeerwah",153.0119,-26.43781,"Sunshine Coast University Hospital",37.09115233,"Princess Alexandra Hospital (PAH)",91.82462468,"Sunshine Coast University Hospital",37.09115233,"Princess Alexandra Hospital (PAH)",91.82462468
1284,"Weyba Downs",153.0474,-26.45561,"Sunshine Coast University Hospital",34.35857819,"Princess Alexandra Hospital (PAH)",93.36900824,"Sunshine Coast University Hospital",34.35857819,"Princess Alexandra Hospital (PAH)",93.36900824
1285,"Imbil",152.677,-26.46119,"Gympie Hospital",29.25376578,"Princess Alexandra Hospital (PAH)",112.09270844,"Sunshine Coast University Hospital",59.75189993,"Princess Alexandra Hospital (PAH)",112.09270844
1286,"Eumundi",152.9513,-26.47643,"Sunshine Coast University Hospital",32.40173603,"Princess Alexandra Hospital (PAH)",84.66015616,"Sunshine Coast University Hospital",32.40173603,"Princess Alexandra Hospital (PAH)",84.66015616
1287,"Mitchell",147.976,-26.48827,"Roma Hospital",56.98289184,"Princess Alexandra Hospital (PAH)",374.88801161,"Princess Alexandra Hospital (PAH)",374.88801161,"Princess Alexandra Hospital (PAH)",374.88801161
1288,"Kingaroy",151.8443,-26.53645,"Gympie Hospital",95.63858531,"Princess Alexandra Hospital (PAH)",160.61248637,"Sunshine Coast University Hospital",150.93247643,"Princess Alexandra Hospital (PAH)",160.61248637
1289,"Yandina",152.9565,-26.56212,"Sunshine Coast University Hospital",26.89499601,"Princess Alexandra Hospital (PAH)",79.15825175,"Sunshine Coast University Hospital",26.89499601,"Princess Alexandra Hospital (PAH)",79.15825175
1290,"Roma",148.7879,-26.57094,"Roma Hospital",2.34948509,"Princess Alexandra Hospital (PAH)",318.86736908,"Royal Brisbane and Women's Hospital (RBWH)",318.85507922,"Princess Alexandra Hospital (PAH)",318.86736908
1291,"Wallumbilla",149.187,-26.58483,"Roma Hospital",29.72589773,"Princess Alexandra Hospital (PAH)",292.30060614,"Royal Brisbane and Women's Hospital (RBWH)",292.17742643,"Princess Alexandra Hospital (PAH)",292.30060614
1292,"Kenilworth",152.727,-26.59522,"Maleny Soldiers Memorial Hospital",33.94574783,"Princess Alexandra Hospital (PAH)",106.95576923,"Sunshine Coast University Hospital",54.61967899,"Princess Alexandra Hospital (PAH)",106.95576923
1293,"Kureelpa",152.8837,-26.60834,"Maleny Soldiers Memorial Hospital",27.98048574,"Princess Alexandra Hospital (PAH)",85.92096216,"Sunshine Coast University Hospital",33.6526885,"Princess Alexandra Hospital (PAH)",85.92096216
1294,"Yuleba",149.381,-26.61304,"Roma Hospital",42.22916006,"Princess Alexandra Hospital (PAH)",279.33658825,"Royal Brisbane and Women's Hospital (RBWH)",279.22838173,"Princess Alexandra Hospital (PAH)",279.33658825
1295,"Quilpie",144.2683,-26.61502,"Roma Hospital",300.76333997,"Princess Alexandra Hospital (PAH)",617.36154224,"Princess Alexandra Hospital (PAH)",617.36154224,"Princess Alexandra Hospital (PAH)",617.36154224
1296,"Mapleton",152.8651,-26.62074,"Maleny Soldiers Memorial Hospital",26.19325075,"Princess Alexandra Hospital (PAH)",87.70604307,"Sunshine Coast University Hospital",35.43026623,"Princess Alexandra Hospital (PAH)",87.70604307
1297,"Nambour",152.9592,-26.62753,"Sunshine Coast University Hospital",24.53916437,"Princess Alexandra Hospital (PAH)",76.79058917,"Sunshine Coast University Hospital",24.53916437,"Princess Alexandra Hospital (PAH)",76.79058917
1298,"Kiels Mountain",153.001,-26.6527,"Sunshine Coast University Hospital",21.69074734,"Princess Alexandra Hospital (PAH)",73.93384239,"Sunshine Coast University Hospital",21.69074734,"Princess Alexandra Hospital (PAH)",73.93384239
1299,"Flaxton",152.8647,-26.65557,"Maleny Soldiers Memorial Hospital",22.5144125,"Princess Alexandra Hospital (PAH)",88.36588028,"Sunshine Coast University Hospital",36.50201304,"Princess Alexandra Hospital (PAH)",88.36588028
1300,"Miles",150.1857,-26.65858,"Roma Hospital",93.86974771,"Princess Alexandra Hospital (PAH)",226.7836894,"Royal Brisbane and Women's Hospital (RBWH)",226.62306705,"Princess Alexandra Hospital (PAH)",226.7836894
1301,"Woombye",152.9666,-26.66148,"Sunshine Coast University Hospital",21.06951504,"Princess Alexandra Hospital (PAH)",73.31261009,"Sunshine Coast University Hospital",21.06951504,"Princess Alexandra Hospital (PAH)",73.31261009
1302,"Nanango",151.9992,-26.6713,"Gympie Hospital",90.82035647,"Princess Alexandra Hospital (PAH)",141.80998964,"Sunshine Coast University Hospital",132.1996203,"Princess Alexandra Hospital (PAH)",141.80998964
1303,"Palmwoods",152.9568,-26.69113,"Sunshine Coast University Hospital",25.46791226,"Princess Alexandra Hospital (PAH)",77.72753536,"Sunshine Coast University Hospital",25.46791226,"Princess Alexandra Hospital (PAH)",77.72753536
1304,"Witta",152.8107,-26.70454,"Maleny Soldiers Memorial Hospital",8.29097283,"Princess Alexandra Hospital (PAH)",85.87598637,"Sunshine Coast University Hospital",39.64445882,"Princess Alexandra Hospital (PAH)",85.87598637
1305,"Chinchilla",150.628,-26.74202,"Roma Hospital",126.97711187,"Princess Alexandra Hospital (PAH)",194.30463383,"Royal Brisbane and Women's Hospital (RBWH)",194.24149063,"Princess Alexandra Hospital (PAH)",194.30463383
1306,"Maleny",152.848,-26.75878,"Maleny Soldiers Memorial Hospital",1.23705425,"Princess Alexandra Hospital (PAH)",77.53711772,"Sunshine Coast University Hospital",31.31055197,"Princess Alexandra Hospital (PAH)",77.53711772
1307,"Mooloolah",152.9616,-26.76553,"Maleny Soldiers Memorial Hospital",14.12687864,"Princess Alexandra Hospital (PAH)",69.95815581,"Sunshine Coast University Hospital",18.06490601,"Princess Alexandra Hospital (PAH)",69.95815581
1308,"Glenview",153.0204,-26.76952,"Sunshine Coast University Hospital",13.47485045,"Princess Alexandra Hospital (PAH)",65.3536683,"Sunshine Coast University Hospital",13.47485045,"Princess Alexandra Hospital (PAH)",65.3536683
1309,"Jandowae",151.1101,-26.78068,"Gympie Hospital",156.15233598,"Princess Alexandra Hospital (PAH)",172.48807088,"Princess Alexandra Hospital (PAH)",172.48807088,"Princess Alexandra Hospital (PAH)",172.48807088
1310,"Landsborough",152.9652,-26.80826,"Maleny Soldiers Memorial Hospital",15.83190216,"Princess Alexandra Hospital (PAH)",63.54971926,"Sunshine Coast University Hospital",16.93132065,"Princess Alexandra Hospital (PAH)",63.54971926
1311,"Yarraman",151.9796,-26.84046,"Maleny Soldiers Memorial Hospital",92.84947287,"Princess Alexandra Hospital (PAH)",126.20230891,"Sunshine Coast University Hospital",116.73990665,"Princess Alexandra Hospital (PAH)",126.20230891
1312,"Peachester",152.8871,-26.84242,"Maleny Soldiers Memorial Hospital",23.03997056,"Princess Alexandra Hospital (PAH)",68.20845497,"Sunshine Coast University Hospital",30.85408771,"Princess Alexandra Hospital (PAH)",68.20845497
1313,"Beerwah",152.954,-26.85293,"Maleny Soldiers Memorial Hospital",20.42233668,"Princess Alexandra Hospital (PAH)",61.02620774,"Sunshine Coast University Hospital",21.31872741,"Princess Alexandra Hospital (PAH)",61.02620774
1314,"Blackbutt",152.1042,-26.88722,"Maleny Soldiers Memorial Hospital",82.09870864,"Princess Alexandra Hospital (PAH)",115.35411794,"Sunshine Coast University Hospital",105.96418224,"Princess Alexandra Hospital (PAH)",115.35411794
1315,"Glass House Mountain",152.9507,-26.89771,"Sunshine Coast University Hospital",25.31324939,"Princess Alexandra Hospital (PAH)",56.19806444,"Sunshine Coast University Hospital",25.31324939,"Princess Alexandra Hospital (PAH)",56.19806444
1316,"Bell",151.4491,-26.93176,"Gympie Hospital",148.36254419,"Princess Alexandra Hospital (PAH)",160.95182636,"Princess Alexandra Hospital (PAH)",160.95182636,"Princess Alexandra Hospital (PAH)",160.95182636
1317,"Beerburrum - North",152.957,-26.93545,"Sunshine Coast University Hospital",25.11491185,"Princess Alexandra Hospital (PAH)",50.73171927,"Sunshine Coast University Hospital",25.11491185,"Princess Alexandra Hospital (PAH)",50.73171927
1318,"Kilcoy",152.5638,-26.94019,"Maleny Soldiers Memorial Hospital",43.64068914,"Princess Alexandra Hospital (PAH)",78.94441216,"Sunshine Coast University Hospital",59.53987013,"Princess Alexandra Hospital (PAH)",78.94441216
1319,"Woodford",152.778,-26.95557,"Maleny Soldiers Memorial Hospital",32.07902796,"Princess Alexandra Hospital (PAH)",61.26798898,"Sunshine Coast University Hospital",47.96974656,"Princess Alexandra Hospital (PAH)",61.26798898
1320,"Beerburrum",152.955,-26.96138,"Sunshine Coast University Hospital",28.21304702,"Princess Alexandra Hospital (PAH)",50.87279392,"Sunshine Coast University Hospital",28.21304702,"Princess Alexandra Hospital (PAH)",50.87279392
1321,"D'Aguilar",152.7984,-26.98884,"Maleny Soldiers Memorial Hospital",36.23673955,"Princess Alexandra Hospital (PAH)",56.64819983,"Sunshine Coast University Hospital",45.176408,"Princess Alexandra Hospital (PAH)",56.64819983
1322,"Delaneys Creek",152.7971,-27.00308,"Maleny Soldiers Memorial Hospital",37.72395606,"Princess Alexandra Hospital (PAH)",57.1357613,"Sunshine Coast University Hospital",45.66503073,"Princess Alexandra Hospital (PAH)",57.1357613
1323,"Donnybrook",153.0662,-27.00662,"Sunshine Coast University Hospital",31.21227216,"Princess Alexandra Hospital (PAH)",50.75301972,"Sunshine Coast University Hospital",31.21227216,"Princess Alexandra Hospital (PAH)",50.75301972
1324,"Toorbul",153.0991,-27.03348,"Brighton Brain Injury Service",35.65409611,"Princess Alexandra Hospital (PAH)",52.28402483,"Sunshine Coast University Hospital",37.13356997,"Princess Alexandra Hospital (PAH)",52.28402483
1325,"Wamuran",152.8643,-27.04069,"Brighton Brain Injury Service",32.44996951,"Princess Alexandra Hospital (PAH)",49.08591381,"Sunshine Coast University Hospital",37.64045309,"Princess Alexandra Hospital (PAH)",49.08591381
1326,"Ningi",153.1051,-27.06703,"Brighton Brain Injury Service",34.7652844,"Princess Alexandra Hospital (PAH)",51.39521312,"Sunshine Coast University Hospital",40.86727266,"Princess Alexandra Hospital (PAH)",51.39521312
1327,"Woorim",153.2035,-27.07303,"Brighton Brain Injury Service",48.14344052,"Princess Alexandra Hospital (PAH)",64.82187606,"Sunshine Coast University Hospital",54.24734207,"Princess Alexandra Hospital (PAH)",64.82187606
1328,"Sandstone Point",153.1273,-27.08295,"Brighton Brain Injury Service",38.25300564,"Princess Alexandra Hospital (PAH)",54.89355953,"Sunshine Coast University Hospital",44.35734531,"Princess Alexandra Hospital (PAH)",54.89355953
1329,"Bongaree",153.1626,-27.08546,"Brighton Brain Injury Service",44.93101394,"Princess Alexandra Hospital (PAH)",61.60741799,"Sunshine Coast University Hospital",51.03222977,"Princess Alexandra Hospital (PAH)",61.60741799
1330,"Toogoolawah",152.3753,-27.08821,"Maleny Soldiers Memorial Hospital",71.09565073,"Princess Alexandra Hospital (PAH)",82.62366994,"Princess Alexandra Hospital (PAH)",82.62366994,"Princess Alexandra Hospital (PAH)",82.62366994
1331,"Beachmere",153.0514,-27.12968,"Brighton Brain Injury Service",30.98760268,"Princess Alexandra Hospital (PAH)",47.62596559,"Sunshine Coast University Hospital",39.55953159,"Princess Alexandra Hospital (PAH)",47.62596559
1332,"Surat",149.0666,-27.15384,"Roma Hospital",53.42778452,"Princess Alexandra Hospital (PAH)",293.75536059,"Royal Brisbane and Women's Hospital (RBWH)",293.63555187,"Princess Alexandra Hospital (PAH)",293.75536059
1333,"Dalby",151.261,-27.18328,"Princess Alexandra Hospital (PAH)",137.77687653,"Princess Alexandra Hospital (PAH)",137.77687653,"Princess Alexandra Hospital (PAH)",137.77687653,"Princess Alexandra Hospital (PAH)",137.77687653
1334,"Dayboro",152.8215,-27.19792,"Brighton Brain Injury Service",35.16483795,"Princess Alexandra Hospital (PAH)",49.10065275,"Royal Brisbane and Women's Hospital (RBWH)",42.78579163,"Princess Alexandra Hospital (PAH)",49.10065275
1335,"Esk",152.4179,-27.23674,"Princess Alexandra Hospital (PAH)",69.77455894,"Princess Alexandra Hospital (PAH)",69.77455894,"Princess Alexandra Hospital (PAH)",69.77455894,"Princess Alexandra Hospital (PAH)",69.77455894
1336,"Crows Nest",152.0506,-27.26153,"Princess Alexandra Hospital (PAH)",112.27559275,"Princess Alexandra Hospital (PAH)",112.27559275,"Princess Alexandra Hospital (PAH)",112.27559275,"Princess Alexandra Hospital (PAH)",112.27559275
1337,"Tara",150.4556,-27.27772,"Roma Hospital",149.34410499,"Princess Alexandra Hospital (PAH)",197.56860279,"Royal Brisbane and Women's Hospital (RBWH)",197.4884054,"Princess Alexandra Hospital (PAH)",197.56860279
1338,"Goombungee",151.8502,-27.30485,"Princess Alexandra Hospital (PAH)",111.93125337,"Princess Alexandra Hospital (PAH)",111.93125337,"Princess Alexandra Hospital (PAH)",111.93125337,"Princess Alexandra Hospital (PAH)",111.93125337
1339,"Mount Glorious",152.7701,-27.33397,"Prince Charles Hospital",38.05422597,"Princess Alexandra Hospital (PAH)",48.40423478,"Royal Brisbane and Women's Hospital (RBWH)",41.0519321,"Princess Alexandra Hospital (PAH)",48.40423478
1340,"Samford Valley - Highvale",152.8394,-27.36508,"Prince Charles Hospital",25.28538876,"Princess Alexandra Hospital (PAH)",35.6333058,"Royal Brisbane and Women's Hospital (RBWH)",28.28530193,"Princess Alexandra Hospital (PAH)",35.6333058
1341,"Samford",152.8849,-27.37146,"Prince Charles Hospital",20.78353323,"Princess Alexandra Hospital (PAH)",30.56607673,"Royal Brisbane and Women's Hospital (RBWH)",23.7822078,"Princess Alexandra Hospital (PAH)",30.56607673
1342,"Mount Nebo",152.7795,-27.39084,"Royal Brisbane and Women's Hospital (RBWH)",38.12033554,"Princess Alexandra Hospital (PAH)",43.93633549,"Royal Brisbane and Women's Hospital (RBWH)",38.12033554,"Princess Alexandra Hospital (PAH)",43.93633549
1343,"Coominya",152.5023,-27.3916,"Princess Alexandra Hospital (PAH)",58.81420238,"Princess Alexandra Hospital (PAH)",58.81420238,"Princess Alexandra Hospital (PAH)",58.81420238,"Princess Alexandra Hospital (PAH)",58.81420238
1344,"Amity Point",153.44,-27.39664,"Princess Alexandra Hospital (PAH)",98.73954695,"Princess Alexandra Hospital (PAH)",98.73954695,"Princess Alexandra Hospital (PAH)",98.73954695,"Princess Alexandra Hospital (PAH)",98.73954695
1345,"Meringandan West",151.8819,-27.41789,"Princess Alexandra Hospital (PAH)",105.21845738,"Princess Alexandra Hospital (PAH)",105.21845738,"Princess Alexandra Hospital (PAH)",105.21845738,"Princess Alexandra Hospital (PAH)",105.21845738
1346,"Meringandan",151.9132,-27.42327,"Princess Alexandra Hospital (PAH)",103.2118672,"Princess Alexandra Hospital (PAH)",103.2118672,"Princess Alexandra Hospital (PAH)",103.2118672,"Princess Alexandra Hospital (PAH)",103.2118672
1347,"Point Lookout",153.5377,-27.43022,"Princess Alexandra Hospital (PAH)",101.57142405,"Princess Alexandra Hospital (PAH)",101.57142405,"Princess Alexandra Hospital (PAH)",101.57142405,"Princess Alexandra Hospital (PAH)",101.57142405
1348,"Oakey",151.7183,-27.43202,"Princess Alexandra Hospital (PAH)",104.5037502,"Princess Alexandra Hospital (PAH)",104.5037502,"Princess Alexandra Hospital (PAH)",104.5037502,"Princess Alexandra Hospital (PAH)",104.5037502
1349,"Fernvale",152.6594,-27.45012,"Princess Alexandra Hospital (PAH)",43.88047248,"Princess Alexandra Hospital (PAH)",43.88047248,"Princess Alexandra Hospital (PAH)",43.88047248,"Princess Alexandra Hospital (PAH)",43.88047248
1350,"Lowood",152.5763,-27.46078,"Princess Alexandra Hospital (PAH)",49.60656927,"Princess Alexandra Hospital (PAH)",49.60656927,"Princess Alexandra Hospital (PAH)",49.60656927,"Princess Alexandra Hospital (PAH)",49.60656927
1351,"Murphys Creek",152.0567,-27.46123,"Princess Alexandra Hospital (PAH)",80.36699962,"Princess Alexandra Hospital (PAH)",80.36699962,"Princess Alexandra Hospital (PAH)",80.36699962,"Princess Alexandra Hospital (PAH)",80.36699962
1352,"Highfields",151.9481,-27.46253,"Princess Alexandra Hospital (PAH)",95.97185368,"Princess Alexandra Hospital (PAH)",95.97185368,"Princess Alexandra Hospital (PAH)",95.97185368,"Princess Alexandra Hospital (PAH)",95.97185368
1353,"Brisbane",153.0249,-27.47072,"Princess Alexandra Hospital (PAH)",8.15721476,"Princess Alexandra Hospital (PAH)",8.15721476,"Princess Alexandra Hospital (PAH)",8.15721476,"Princess Alexandra Hospital (PAH)",8.15721476
1354,"Kingsthorpe",151.8191,-27.47543,"Princess Alexandra Hospital (PAH)",98.02037522,"Princess Alexandra Hospital (PAH)",98.02037522,"Princess Alexandra Hospital (PAH)",98.02037522,"Princess Alexandra Hospital (PAH)",98.02037522
1355,"Gowrie Junction",151.8928,-27.49125,"Princess Alexandra Hospital (PAH)",92.73435423,"Princess Alexandra Hospital (PAH)",92.73435423,"Princess Alexandra Hospital (PAH)",92.73435423,"Princess Alexandra Hospital (PAH)",92.73435423
1356,"Lockrose",152.4579,-27.49448,"Princess Alexandra Hospital (PAH)",56.91201266,"Princess Alexandra Hospital (PAH)",56.91201266,"Princess Alexandra Hospital (PAH)",56.91201266,"Princess Alexandra Hospital (PAH)",56.91201266
1357,"Dunwich",153.4038,-27.49776,"Princess Alexandra Hospital (PAH)",82.96294679,"Princess Alexandra Hospital (PAH)",82.96294679,"Princess Alexandra Hospital (PAH)",82.96294679,"Princess Alexandra Hospital (PAH)",82.96294679
1358,"Blue Mountain Heights",151.9612,-27.50364,"Princess Alexandra Hospital (PAH)",90.53431145,"Princess Alexandra Hospital (PAH)",90.53431145,"Princess Alexandra Hospital (PAH)",90.53431145,"Princess Alexandra Hospital (PAH)",90.53431145
1359,"Gowrie Mountain",151.8228,-27.51137,"Princess Alexandra Hospital (PAH)",94.01662795,"Princess Alexandra Hospital (PAH)",94.01662795,"Princess Alexandra Hospital (PAH)",94.01662795,"Princess Alexandra Hospital (PAH)",94.01662795
1360,"Brightview",152.4916,-27.51975,"Princess Alexandra Hospital (PAH)",50.71590027,"Princess Alexandra Hospital (PAH)",50.71590027,"Princess Alexandra Hospital (PAH)",50.71590027,"Princess Alexandra Hospital (PAH)",50.71590027
1361,"Cecil Plains",151.1936,-27.53233,"Princess Alexandra Hospital (PAH)",138.04025191,"Princess Alexandra Hospital (PAH)",138.04025191,"Princess Alexandra Hospital (PAH)",138.04025191,"Princess Alexandra Hospital (PAH)",138.04025191
1362,"Minden Village",152.5591,-27.5357,"Princess Alexandra Hospital (PAH)",46.44948929,"Princess Alexandra Hospital (PAH)",46.44948929,"Princess Alexandra Hospital (PAH)",46.44948929,"Princess Alexandra Hospital (PAH)",46.44948929
1363,"Kensington Grove - Regency Downs",152.4572,-27.53986,"Princess Alexandra Hospital (PAH)",51.65972605,"Princess Alexandra Hospital (PAH)",51.65972605,"Princess Alexandra Hospital (PAH)",51.65972605,"Princess Alexandra Hospital (PAH)",51.65972605
1364,"Glenore Grove",152.4122,-27.54114,"Princess Alexandra Hospital (PAH)",54.25347942,"Princess Alexandra Hospital (PAH)",54.25347942,"Princess Alexandra Hospital (PAH)",54.25347942,"Princess Alexandra Hospital (PAH)",54.25347942
1365,"Helidon",152.1254,-27.54838,"Princess Alexandra Hospital (PAH)",70.45244663,"Princess Alexandra Hospital (PAH)",70.45244663,"Princess Alexandra Hospital (PAH)",70.45244663,"Princess Alexandra Hospital (PAH)",70.45244663
1366,"Prince Henry Heights",151.9905,-27.55295,"Princess Alexandra Hospital (PAH)",86.80185357,"Princess Alexandra Hospital (PAH)",86.80185357,"Princess Alexandra Hospital (PAH)",86.80185357,"Princess Alexandra Hospital (PAH)",86.80185357
1367,"Withcott",152.026,-27.55364,"Princess Alexandra Hospital (PAH)",76.63585619,"Princess Alexandra Hospital (PAH)",76.63585619,"Princess Alexandra Hospital (PAH)",76.63585619,"Princess Alexandra Hospital (PAH)",76.63585619
1368,"Placid Hills",152.2504,-27.5578,"Princess Alexandra Hospital (PAH)",66.2224794,"Princess Alexandra Hospital (PAH)",66.2224794,"Princess Alexandra Hospital (PAH)",66.2224794,"Princess Alexandra Hospital (PAH)",66.2224794
1369,"Gatton",152.2751,-27.56033,"Princess Alexandra Hospital (PAH)",62.54882434,"Princess Alexandra Hospital (PAH)",62.54882434,"Princess Alexandra Hospital (PAH)",62.54882434,"Princess Alexandra Hospital (PAH)",62.54882434
1370,"Toowoomba",151.9528,-27.56216,"Princess Alexandra Hospital (PAH)",88.26447445,"Princess Alexandra Hospital (PAH)",88.26447445,"Princess Alexandra Hospital (PAH)",88.26447445,"Princess Alexandra Hospital (PAH)",88.26447445
1371,"Coochiemudlo Island",153.3328,-27.56886,"Logan Hospital",36.07768925,"Princess Alexandra Hospital (PAH)",44.25689606,"Princess Alexandra Hospital (PAH)",44.25689606,"Princess Alexandra Hospital (PAH)",44.25689606
1372,"Marburg",152.5954,-27.56895,"Princess Alexandra Hospital (PAH)",40.25067943,"Princess Alexandra Hospital (PAH)",40.25067943,"Princess Alexandra Hospital (PAH)",40.25067943,"Princess Alexandra Hospital (PAH)",40.25067943
1373,"Grantham",152.2012,-27.57374,"Princess Alexandra Hospital (PAH)",70.15459664,"Princess Alexandra Hospital (PAH)",70.15459664,"Princess Alexandra Hospital (PAH)",70.15459664,"Princess Alexandra Hospital (PAH)",70.15459664
1374,"Plainland",152.4165,-27.57656,"Princess Alexandra Hospital (PAH)",52.16447553,"Princess Alexandra Hospital (PAH)",52.16447553,"Princess Alexandra Hospital (PAH)",52.16447553,"Princess Alexandra Hospital (PAH)",52.16447553
1375,"Forest Hill",152.3549,-27.58999,"Princess Alexandra Hospital (PAH)",57.99959716,"Princess Alexandra Hospital (PAH)",57.99959716,"Princess Alexandra Hospital (PAH)",57.99959716,"Princess Alexandra Hospital (PAH)",57.99959716
1376,"Macleay Island",153.3615,-27.59184,"Logan Hospital",60.26207877,"Princess Alexandra Hospital (PAH)",73.83337555,"Princess Alexandra Hospital (PAH)",73.83337555,"Princess Alexandra Hospital (PAH)",73.83337555
1377,"Walloon",152.6725,-27.60325,"Princess Alexandra Hospital (PAH)",39.82479035,"Princess Alexandra Hospital (PAH)",39.82479035,"Princess Alexandra Hospital (PAH)",39.82479035,"Princess Alexandra Hospital (PAH)",39.82479035
1378,"Westbrook",151.8757,-27.60355,"Princess Alexandra Hospital (PAH)",99.63518723,"Princess Alexandra Hospital (PAH)",99.63518723,"Princess Alexandra Hospital (PAH)",99.63518723,"Princess Alexandra Hospital (PAH)",99.63518723
1379,"Lamb Island",153.3798,-27.62387,"Logan Hospital",57.95322708,"Princess Alexandra Hospital (PAH)",71.52496925,"Princess Alexandra Hospital (PAH)",71.52496925,"Princess Alexandra Hospital (PAH)",71.52496925
1380,"Thagoona",152.6257,-27.62401,"Princess Alexandra Hospital (PAH)",41.63568175,"Princess Alexandra Hospital (PAH)",41.63568175,"Princess Alexandra Hospital (PAH)",41.63568175,"Princess Alexandra Hospital (PAH)",41.63568175
1381,"Laidley",152.3938,-27.63099,"Princess Alexandra Hospital (PAH)",58.33069643,"Princess Alexandra Hospital (PAH)",58.33069643,"Princess Alexandra Hospital (PAH)",58.33069643,"Princess Alexandra Hospital (PAH)",58.33069643
1382,"Rosewood",152.5889,-27.63446,"Princess Alexandra Hospital (PAH)",44.70891386,"Princess Alexandra Hospital (PAH)",44.70891386,"Princess Alexandra Hospital (PAH)",44.70891386,"Princess Alexandra Hospital (PAH)",44.70891386
1383,"Mount Cotton",153.2508,-27.63515,"Logan Hospital",17.4604616,"Princess Alexandra Hospital (PAH)",31.84857512,"Princess Alexandra Hospital (PAH)",31.84857512,"Princess Alexandra Hospital (PAH)",31.84857512
1384,"Laidley Heights",152.3675,-27.63571,"Princess Alexandra Hospital (PAH)",64.12887747,"Princess Alexandra Hospital (PAH)",64.12887747,"Princess Alexandra Hospital (PAH)",64.12887747,"Princess Alexandra Hospital (PAH)",64.12887747
1385,"Wyreema",151.8542,-27.65743,"Princess Alexandra Hospital (PAH)",103.00072181,"Princess Alexandra Hospital (PAH)",103.00072181,"Princess Alexandra Hospital (PAH)",103.00072181,"Princess Alexandra Hospital (PAH)",103.00072181
1386,"Ripley",152.7864,-27.66642,"Princess Alexandra Hospital (PAH)",31.42813773,"Princess Alexandra Hospital (PAH)",31.42813773,"Princess Alexandra Hospital (PAH)",31.42813773,"Princess Alexandra Hospital (PAH)",31.42813773
1387,"Southbrook",151.7128,-27.67579,"Princess Alexandra Hospital (PAH)",106.04344468,"Princess Alexandra Hospital (PAH)",106.04344468,"Princess Alexandra Hospital (PAH)",106.04344468,"Princess Alexandra Hospital (PAH)",106.04344468
1388,"Russell Island",153.3905,-27.68322,"Logan Hospital",65.47763639,"Princess Alexandra Hospital (PAH)",79.05485061,"Princess Alexandra Hospital (PAH)",79.05485061,"Princess Alexandra Hospital (PAH)",79.05485061
1389,"Deebing Heights",152.7546,-27.69709,"Logan Hospital",35.06849592,"Princess Alexandra Hospital (PAH)",36.3807417,"Royal Brisbane and Women's Hospital (RBWH)",36.24563504,"Princess Alexandra Hospital (PAH)",36.3807417
1390,"Cambooya",151.8615,-27.70633,"Princess Alexandra Hospital (PAH)",106.85816831,"Princess Alexandra Hospital (PAH)",106.85816831,"Princess Alexandra Hospital (PAH)",106.85816831,"Princess Alexandra Hospital (PAH)",106.85816831
1391,"Pittsworth",151.6329,-27.71797,"Princess Alexandra Hospital (PAH)",112.37610928,"Princess Alexandra Hospital (PAH)",112.37610928,"Princess Alexandra Hospital (PAH)",112.37610928,"Princess Alexandra Hospital (PAH)",112.37610928
1392,"Cabbage Tree Point",153.3552,-27.73664,"Logan Hospital",25.73453635,"Princess Alexandra Hospital (PAH)",40.11308175,"Gold Coast University Hospital",30.8583654,"Princess Alexandra Hospital (PAH)",40.11308175
1393,"Logan Village",153.1134,-27.77455,"Logan Hospital",17.52051644,"Princess Alexandra Hospital (PAH)",41.25195715,"Princess Alexandra Hospital (PAH)",41.25195715,"Princess Alexandra Hospital (PAH)",41.25195715
1394,"Jacobs Well",153.3629,-27.78179,"Gold Coast University Hospital",26.07401449,"Princess Alexandra Hospital (PAH)",41.6934216,"Gold Coast University Hospital",26.07401449,"Princess Alexandra Hospital (PAH)",41.6934216
1395,"Greenmount",151.9059,-27.78299,"Princess Alexandra Hospital (PAH)",108.43819217,"Princess Alexandra Hospital (PAH)",108.43819217,"Princess Alexandra Hospital (PAH)",108.43819217,"Princess Alexandra Hospital (PAH)",108.43819217
1396,"Peak Crossing",152.7294,-27.78404,"Princess Alexandra Hospital (PAH)",41.480086,"Princess Alexandra Hospital (PAH)",41.480086,"Princess Alexandra Hospital (PAH)",41.480086,"Princess Alexandra Hospital (PAH)",41.480086
1397,"Harrisville",152.6677,-27.81036,"Princess Alexandra Hospital (PAH)",48.79239698,"Princess Alexandra Hospital (PAH)",48.79239698,"Princess Alexandra Hospital (PAH)",48.79239698,"Princess Alexandra Hospital (PAH)",48.79239698
1398,"Jimboomba - West",152.9618,-27.81259,"Logan Hospital",30.73061259,"Princess Alexandra Hospital (PAH)",40.15583666,"Princess Alexandra Hospital (PAH)",40.15583666,"Princess Alexandra Hospital (PAH)",40.15583666
1399,"Jimboomba",153.0307,-27.83265,"Logan Hospital",28.27197932,"Princess Alexandra Hospital (PAH)",38.239324,"Princess Alexandra Hospital (PAH)",38.239324,"Princess Alexandra Hospital (PAH)",38.239324
1400,"Mundoolun",153.0767,-27.86482,"Logan Hospital",32.09222441,"Princess Alexandra Hospital (PAH)",44.67092978,"Princess Alexandra Hospital (PAH)",44.67092978,"Princess Alexandra Hospital (PAH)",44.67092978
1401,"Cedar Grove",152.9843,-27.86655,"Logan Hospital",32.98413912,"Princess Alexandra Hospital (PAH)",42.69951376,"Princess Alexandra Hospital (PAH)",42.69951376,"Princess Alexandra Hospital (PAH)",42.69951376
1402,"Millmerran",151.2671,-27.87814,"Princess Alexandra Hospital (PAH)",137.99248504,"Princess Alexandra Hospital (PAH)",137.99248504,"Princess Alexandra Hospital (PAH)",137.99248504,"Princess Alexandra Hospital (PAH)",137.99248504
1403,"Cedar Vale",153.002,-27.87876,"Logan Hospital",33.21069028,"Princess Alexandra Hospital (PAH)",42.92606492,"Princess Alexandra Hospital (PAH)",42.92606492,"Princess Alexandra Hospital (PAH)",42.92606492
1404,"Tamborine",153.1285,-27.88138,"Logan Hospital",28.13165561,"Princess Alexandra Hospital (PAH)",44.81171294,"Gold Coast University Hospital",42.70453687,"Princess Alexandra Hospital (PAH)",44.81171294
1405,"Eagle Heights",153.2054,-27.92251,"Gold Coast University Hospital",33.55756187,"Princess Alexandra Hospital (PAH)",53.77232063,"Gold Coast University Hospital",33.55756187,"Princess Alexandra Hospital (PAH)",53.77232063
1406,"Clifton",151.9083,-27.92996,"Princess Alexandra Hospital (PAH)",120.8941977,"Princess Alexandra Hospital (PAH)",120.8941977,"Princess Alexandra Hospital (PAH)",120.8941977,"Princess Alexandra Hospital (PAH)",120.8941977
1407,"Maudsland",153.2774,-27.93276,"Gold Coast University Hospital",16.32209891,"Princess Alexandra Hospital (PAH)",44.36490787,"Gold Coast University Hospital",16.32209891,"Princess Alexandra Hospital (PAH)",44.36490787
1408,"Kalbar",152.6229,-27.94196,"Princess Alexandra Hospital (PAH)",58.29706134,"Princess Alexandra Hospital (PAH)",58.29706134,"Princess Alexandra Hospital (PAH)",58.29706134,"Princess Alexandra Hospital (PAH)",58.29706134
1409,"Gleneagle",152.9918,-27.94234,"Logan Hospital",40.92403996,"Princess Alexandra Hospital (PAH)",50.63844965,"Princess Alexandra Hospital (PAH)",50.63844965,"Princess Alexandra Hospital (PAH)",50.63844965
1410,"Boyland",153.1642,-27.94939,"Logan Hospital",36.33942509,"Princess Alexandra Hospital (PAH)",53.88413024,"Gold Coast University Hospital",39.4530594,"Princess Alexandra Hospital (PAH)",53.88413024
1411,"Mount Tamborine",153.2014,-27.97114,"Gold Coast University Hospital",29.05278576,"Princess Alexandra Hospital (PAH)",57.08223085,"Gold Coast University Hospital",29.05278576,"Princess Alexandra Hospital (PAH)",57.08223085
1412,"Mount Nathan",153.2639,-27.97678,"Gold Coast University Hospital",22.69319355,"Princess Alexandra Hospital (PAH)",50.74219293,"Gold Coast University Hospital",22.69319355,"Princess Alexandra Hospital (PAH)",50.74219293
1413,"Aratula",152.5384,-27.98409,"Princess Alexandra Hospital (PAH)",62.0275709,"Princess Alexandra Hospital (PAH)",62.0275709,"Princess Alexandra Hospital (PAH)",62.0275709,"Princess Alexandra Hospital (PAH)",62.0275709
1414,"Beaudesert",152.9992,-27.98632,"Logan Hospital",44.69624453,"Princess Alexandra Hospital (PAH)",59.66672642,"Gold Coast University Hospital",58.07224294,"Princess Alexandra Hospital (PAH)",59.66672642
1415,"Gold Coast",153.4277,-27.99114,"Gold Coast University Hospital",10.86359517,"Princess Alexandra Hospital (PAH)",53.84085637,"Gold Coast University Hospital",10.86359517,"Princess Alexandra Hospital (PAH)",53.84085637
1416,"Thargomindah",143.8229,-27.99583,"Roma Hospital",420.89116264,"Princess Alexandra Hospital (PAH)",636.53277238,"Princess Alexandra Hospital (PAH)",636.53277238,"Princess Alexandra Hospital (PAH)",636.53277238
1417,"Boonah",152.6824,-27.9978,"Princess Alexandra Hospital (PAH)",61.17967837,"Princess Alexandra Hospital (PAH)",61.17967837,"Princess Alexandra Hospital (PAH)",61.17967837,"Princess Alexandra Hospital (PAH)",61.17967837
1418,"Canungra",153.1598,-28.01415,"Gold Coast University Hospital",33.14611747,"Princess Alexandra Hospital (PAH)",62.59359887,"Gold Coast University Hospital",33.14611747,"Princess Alexandra Hospital (PAH)",62.59359887
1419,"Allora",151.982,-28.03472,"Princess Alexandra Hospital (PAH)",109.27837318,"Princess Alexandra Hospital (PAH)",109.27837318,"Princess Alexandra Hospital (PAH)",109.27837318,"Princess Alexandra Hospital (PAH)",109.27837318
1420,"St George",148.5812,-28.03888,"Roma Hospital",127.4871948,"Princess Alexandra Hospital (PAH)",325.73906934,"Princess Alexandra Hospital (PAH)",325.73906934,"Princess Alexandra Hospital (PAH)",325.73906934
1421,"Lower Beechmont",153.2516,-28.04105,"Gold Coast University Hospital",24.52312735,"Princess Alexandra Hospital (PAH)",58.46061939,"Gold Coast University Hospital",24.52312735,"Princess Alexandra Hospital (PAH)",58.46061939
1422,"Cunnamulla",145.6832,-28.06921,"Roma Hospital",293.9889786,"Princess Alexandra Hospital (PAH)",510.4661174,"Princess Alexandra Hospital (PAH)",510.4661174,"Princess Alexandra Hospital (PAH)",510.4661174
1423,"Kooralbyn",152.8443,-28.08068,"Logan Hospital",63.1546214,"Princess Alexandra Hospital (PAH)",78.02296305,"Gold Coast University Hospital",76.96299924,"Princess Alexandra Hospital (PAH)",78.02296305
1424,"Beechmont",153.206,-28.09893,"Gold Coast University Hospital",37.62737534,"Princess Alexandra Hospital (PAH)",71.55455858,"Gold Coast University Hospital",37.62737534,"Princess Alexandra Hospital (PAH)",71.55455858
1425,"Springbrook",153.2644,-28.18766,"Gold Coast University Hospital",44.93245988,"Princess Alexandra Hospital (PAH)",78.85012582,"Gold Coast University Hospital",44.93245988,"Princess Alexandra Hospital (PAH)",78.85012582
1426,"Yangan",152.2107,-28.19552,"Princess Alexandra Hospital (PAH)",110.32258503,"Princess Alexandra Hospital (PAH)",110.32258503,"Princess Alexandra Hospital (PAH)",110.32258503,"Princess Alexandra Hospital (PAH)",110.32258503
1427,"Rathdowney",152.8635,-28.20976,"Logan Hospital",67.06897704,"Princess Alexandra Hospital (PAH)",81.96300062,"Gold Coast University Hospital",80.89191179,"Princess Alexandra Hospital (PAH)",81.96300062
1428,"Warwick",152.0311,-28.21745,"Princess Alexandra Hospital (PAH)",110.69038149,"Princess Alexandra Hospital (PAH)",110.69038149,"Princess Alexandra Hospital (PAH)",110.69038149,"Princess Alexandra Hospital (PAH)",110.69038149
1429,"Inglewood",151.0795,-28.41751,"Princess Alexandra Hospital (PAH)",179.77983077,"Princess Alexandra Hospital (PAH)",179.77983077,"Princess Alexandra Hospital (PAH)",179.77983077,"Princess Alexandra Hospital (PAH)",179.77983077
1430,"Goondiwindi",150.3062,-28.54799,"Roma Hospital",222.43447871,"Princess Alexandra Hospital (PAH)",226.26842531,"Royal Brisbane and Women's Hospital (RBWH)",226.10588547,"Princess Alexandra Hospital (PAH)",226.26842531
1431,"Yelarbon",150.7524,-28.57416,"Royal Brisbane and Women's Hospital (RBWH)",206.1524377,"Princess Alexandra Hospital (PAH)",206.27735905,"Royal Brisbane and Women's Hospital (RBWH)",206.1524377,"Princess Alexandra Hospital (PAH)",206.27735905
1432,"Dirranbandi",148.2271,-28.5841,"Roma Hospital",181.03072558,"Princess Alexandra Hospital (PAH)",377.35030448,"Princess Alexandra Hospital (PAH)",377.35030448,"Princess Alexandra Hospital (PAH)",377.35030448
1433,"Stanthorpe",151.9327,-28.65779,"Princess Alexandra Hospital (PAH)",152.3265671,"Princess Alexandra Hospital (PAH)",152.3265671,"Princess Alexandra Hospital (PAH)",152.3265671,"Princess Alexandra Hospital (PAH)",152.3265671
1434,"Johnstone",148.5382,-28.6787,"Roma Hospital",177.32256162,"Princess Alexandra Hospital (PAH)",373.71842787,"Princess Alexandra Hospital (PAH)",373.71842787,"Princess Alexandra Hospital (PAH)",373.71842787
1435,"Smithfield",145.690172,-16.83142,"Cairns Hospital",16.15883219,"Townsville University Hospital",252.2861806,"Townsville University Hospital",252.2861806,"Princess Alexandra Hospital (PAH)",1122.22375097
1436,"Texas",151.1692,-28.85306,"Royal Brisbane and Women's Hospital (RBWH)",203.86320464,"Princess Alexandra Hospital (PAH)",203.98724218,"Royal Brisbane and Women's Hospital (RBWH)",203.86320464,"Princess Alexandra Hospital (PAH)",203.98724218
1437,"Wallangarra",151.9262,-28.92345,"Princess Alexandra Hospital (PAH)",176.54359463,"Princess Alexandra Hospital (PAH)",176.54359463,"Princess Alexandra Hospital (PAH)",176.54359463,"Princess Alexandra Hospital (PAH)",176.54359463
1438,"Birdsville",139.3551,-25.8978,"Central West Sub-Acute Service",649.0484539,"Townsville University Hospital",914.8103257,"Townsville University Hospital",914.8103257,"Princess Alexandra Hospital (PAH)",1377.01727547
1439,"Durham",141.811455,-27.397056,"Central West Sub-Acute Service",542.65997685,"Princess Alexandra Hospital (PAH)",790.94068159,"Princess Alexandra Hospital (PAH)",790.94068159,"Princess Alexandra Hospital (PAH)",790.94068159
1440,"Hungerford",144.409847,-28.996741,"Roma Hospital",423.23694638,"Princess Alexandra Hospital (PAH)",638.80820376,"Princess Alexandra Hospital (PAH)",638.80820376,"Princess Alexandra Hospital (PAH)",638.80820376
1441,"RBWH",153.0285,-27.447,"Royal Brisbane and Women's Hospital (RBWH)",2.77529483,"Princess Alexandra Hospital (PAH)",7.17536896,"Royal Brisbane and Women's Hospital (RBWH)",2.77529483,"Princess Alexandra Hospital (PAH)",7.17536896
1001,"Boigu Island",142.2153,-9.260192,"Cairns Hospital",1139.34323652,"Townsville University Hospital",1344.9550912,"Townsville University Hospital",1344.9550912,"Princess Alexandra Hospital (PAH)",2221.14992244
1002,"Saibai Island",142.6217,-9.38044,"Cairns Hospital",1069.34323652,"Townsville University Hospital",1274.9550912,"Townsville University Hospital",1274.9550912,"Princess Alexandra Hospital (PAH)",2151.14992244
1003,"Erub (Darnley) Island",143.7703,-9.585443,"Cairns Hospital",1159.34323652,"Townsville University Hospital",1364.9550912,"Townsville University Hospital",1364.9550912,"Princess Alexandra Hospital (PAH)",2241.14992244
1004,"Yorke Island",143.4073,-9.750172,"Cairns Hospital",1079.34323652,"Townsville University Hospital",1284.9550912,"Townsville University Hospital",1284.9550912,"Princess Alexandra Hospital (PAH)",2161.14992244
1005,"Iama (Yam) Island",142.7744,-9.900403,"Cairns Hospital",969.34323652,"Townsville University Hospital",1174.9550912,"Townsville University Hospital",1174.9550912,"Princess Alexandra Hospital (PAH)",2051.14992244
1006,"Mer (Murray) Island",144.0504,-9.918105,"Cairns Hospital",1169.34323652,"Townsville University Hospital",1374.9550912,"Townsville University Hospital",1374.9550912,"Princess Alexandra Hospital (PAH)",2251.14992244
1007,"Mabuiag Island",142.1829,-9.95718,"Cairns Hospital",949.34323652,"Townsville University Hospital",1154.9550912,"Townsville University Hospital",1154.9550912,"Princess Alexandra Hospital (PAH)",2031.14992244
1008,"Badu Island",142.1388,-10.12322,"Cairns Hospital",899.34323652,"Townsville University Hospital",1104.9550912,"Townsville University Hospital",1104.9550912,"Princess Alexandra Hospital (PAH)",1981.14992244
1009,"St Pauls",142.3349,-10.18488,"Cairns Hospital",889.34323652,"Townsville University Hospital",1094.9550912,"Townsville University Hospital",1094.9550912,"Princess Alexandra Hospital (PAH)",1971.14992244
1010,"Warraber Island",142.8238,-10.20726,"Cairns Hospital",909.34323652,"Townsville University Hospital",1114.9550912,"Townsville University Hospital",1114.9550912,"Princess Alexandra Hospital (PAH)",1991.14992244
1011,"Hammond Island",142.2047,-10.54803,"Cairns Hospital",809.34323652,"Townsville University Hospital",1014.9550912,"Townsville University Hospital",1014.9550912,"Princess Alexandra Hospital (PAH)",1891.14992244
1038,"Gununa",139.178,-16.65843,"Central West Sub-Acute Service",827.20321836,"Townsville University Hospital",955.3431982,"Townsville University Hospital",955.3431982,"Princess Alexandra Hospital (PAH)",1555.67012381
1127,"Hamilton Island",148.9686,-20.35179,"Sarina Hospital",173.72681749,"Townsville University Hospital",237.9391187,"Townsville University Hospital",237.9391187,"Princess Alexandra Hospital (PAH)",773.96132534
