"location","acute_time","acute_care_transit_location","acute_care_centre","id","x","y","silver_rehab_centre","gold_rehab_centre","rehab_time"
"Agnes Water",406,"Bundaberg Hospital","Brisbane (PAH/RBWH)",1202,151.9008,-24.21017,"Sunshine Coast University Hospital","Brain Injury Rehabilitation Unit",299.6941
"Airlie Beach",216,"Proserpine Hospital","Townsville University Hospital",1125,148.7132,-20.26829,"Townsville University Hospital","Townsville University Hospital",187.9391187
"Aldershot",363,"Hervey Bay Hospital","Brisbane (PAH/RBWH)",1242,152.6613,-25.46311,"Sunshine Coast University Hospital","Brain Injury Rehabilitation Unit",150.797668815
"Alice River",53,NA,"Townsville University Hospital",1109,146.6023,-19.32778,"Townsville University Hospital","Townsville University Hospital",16.00790769
"Alligator Creek",72,NA,"Townsville University Hospital",1112,146.9432,-19.42302,"Townsville University Hospital","Townsville University Hospital",23.91320446
"Allingham",163,"Ingham Hospital","Townsville University Hospital",1093,146.2953,-18.70771,"Townsville University Hospital","Townsville University Hospital",87.7786455
"Allora",313,"Toowoomba Hospital","Brisbane (PAH/RBWH)",1419,151.982,-28.03472,"Princess Alexandra Hospital (PAH)","Brain Injury Rehabilitation Unit",109.27837318
"Alpha",401,"Alpha Hospital","Brisbane (PAH/RBWH)",1189,146.6387,-23.65028,"Townsville University Hospital","Brain Injury Rehabilitation Unit",581.9565091
"Alva Beach",144,NA,"Townsville University Hospital",1113,147.4799,-19.45506,"Townsville University Hospital","Townsville University Hospital",75.38588839
"Amamoor",145,NA,"Brisbane (PAH/RBWH)",1275,152.6748,-26.34607,"Sunshine Coast University Hospital","Brain Injury Rehabilitation Unit",80.768988825
"Amity Point",120,NA,"Brisbane (PAH/RBWH)",1344,153.44,-27.39664,"Princess Alexandra Hospital (PAH)","Brain Injury Rehabilitation Unit",98.73954695
"Apple Tree Creek",453,"Bundaberg Hospital","Brisbane (PAH/RBWH)",1229,152.2338,-25.22391,"Sunshine Coast University Hospital","Brain Injury Rehabilitation Unit",185.95776003
"Aramac",401,"Barcaldine Hospital","Brisbane (PAH/RBWH)",1167,145.2439,-22.9698,"Townsville University Hospital","Brain Injury Rehabilitation Unit",678.07094497
"Aratula",100,NA,"Brisbane (PAH/RBWH)",1413,152.5384,-27.98409,"Princess Alexandra Hospital (PAH)","Brain Injury Rehabilitation Unit",62.0275709
"Arcadia Bay",109,NA,"Townsville University Hospital",1098,146.8651,-19.14853,"Townsville University Hospital","Townsville University Hospital",66.25233923
"Armstrong Beach",375,"Mackay Hospital","Townsville University Hospital",1158,149.2873,-21.45078,"Townsville University Hospital","Townsville University Hospital",284.1726982
"Atherton",195,"Atherton Hospital","Townsville University Hospital",1052,145.4776,-17.26641,"Townsville University Hospital","Townsville University Hospital",243.1075111
"Augathella",359,"Augathella Hospital","Brisbane (PAH/RBWH)",1253,146.5842,-25.79596,"Princess Alexandra Hospital (PAH)","Brain Injury Rehabilitation Unit",488.48353991
"Aurukun",419,"Aurukun Primary Health Centre","Townsville University Hospital",1023,141.7292,-13.35609,"Townsville University Hospital","Townsville University Hospital",806.3140301
"Ayr",156,"Ayr Hospital","Townsville University Hospital",1117,147.4056,-19.57545,"Townsville University Hospital","Townsville University Hospital",61.79092973
"Babinda",358,"Cairns Hospital","Townsville University Hospital",1054,145.9219,-17.3445,"Townsville University Hospital","Townsville University Hospital",195.9071473
"Badu Island",440,"Thursday Island Hospital","Townsville University Hospital",1008,142.1388,-10.12322,"Townsville University Hospital","Townsville University Hospital",1104.9550912
"Bakers Creek",348,"Mackay Hospital","Townsville University Hospital",1150,149.1521,-21.20776,"Townsville University Hospital","Townsville University Hospital",258.6617332
"Balgal Beach",91,NA,"Townsville University Hospital",1095,146.4083,-19.01722,"Townsville University Hospital","Townsville University Hospital",40.98592217
"Bamaga",467,"Bamaga Hospital","Townsville University Hospital",1017,142.3893,-10.89279,"Townsville University Hospital","Townsville University Hospital",939.7901949
"Baralaba",353,"Baralaba Hospital","Brisbane (PAH/RBWH)",1201,149.8114,-24.17958,"Sunshine Coast University Hospital","Brain Injury Rehabilitation Unit",425.368859425
"Barcaldine",401,"Barcaldine Hospital","Brisbane (PAH/RBWH)",1183,145.2854,-23.55288,"Townsville University Hospital","Brain Injury Rehabilitation Unit",636.23321053
"Bargara",434,"Bundaberg Hospital","Brisbane (PAH/RBWH)",1211,152.4607,-24.81453,"Sunshine Coast University Hospital","Brain Injury Rehabilitation Unit",225.80154332
"Bauple Forest",414,"Hervey Bay Hospital","Brisbane (PAH/RBWH)",1255,152.636,-25.85212,"Sunshine Coast University Hospital","Brain Injury Rehabilitation Unit",127.245796125
"Beachmere",79,NA,"Brisbane (PAH/RBWH)",1331,153.0514,-27.12968,"Sunshine Coast University Hospital","Brain Injury Rehabilitation Unit",43.59274859
"Beaudesert",95,NA,"Brisbane (PAH/RBWH)",1414,152.9992,-27.98632,"Gold Coast University Hospital","Brain Injury Rehabilitation Unit",58.86948468
"Beechmont",86,NA,"Gold Coast University Hospital",1424,153.206,-28.09893,"Gold Coast University Hospital","Gold Coast University Hospital",37.62737534
"Beerburrum",84,NA,"Brisbane (PAH/RBWH)",1320,152.955,-26.96138,"Sunshine Coast University Hospital","Brain Injury Rehabilitation Unit",39.54292047
"Beerburrum - North",82,NA,"Brisbane (PAH/RBWH)",1317,152.957,-26.93545,"Sunshine Coast University Hospital","Brain Injury Rehabilitation Unit",37.92331556
"Beerwah",123,NA,"Brisbane (PAH/RBWH)",1313,152.954,-26.85293,"Sunshine Coast University Hospital","Brain Injury Rehabilitation Unit",41.172467575
"Bell",199,"Dalby Hospital","Brisbane (PAH/RBWH)",1316,151.4491,-26.93176,"Princess Alexandra Hospital (PAH)","Brain Injury Rehabilitation Unit",160.95182636
"Belvedere",188,"Innisfail Hospital","Townsville University Hospital",1064,145.9896,-17.51972,"Townsville University Hospital","Townsville University Hospital",180.0730687
"Benaraby",247,"Gladstone Hospital","Brisbane (PAH/RBWH)",1197,151.3256,-24.00187,"Sunshine Coast University Hospital","Brain Injury Rehabilitation Unit",311.20208805
"Biggenden",194,"Biggenden Hospital","Brisbane (PAH/RBWH)",1243,152.0449,-25.50952,"Sunshine Coast University Hospital","Brain Injury Rehabilitation Unit",168.80952206
"Biloela",292,"Biloela Hospital","Brisbane (PAH/RBWH)",1205,150.5098,-24.39602,"Sunshine Coast University Hospital","Brain Injury Rehabilitation Unit",360.07392523
"Bingil Bay",206,"Tully Hospital","Townsville University Hospital",1076,146.0976,-17.83471,"Townsville University Hospital","Townsville University Hospital",161.1911088
"Birdsville",509,"Birdsville Primary Health Centre","Brisbane (PAH/RBWH)",1438,139.3551,-25.8978,"Townsville University Hospital","Brain Injury Rehabilitation Unit",1145.913800585
"Black Mountain",308,"Sunshine Coast University Hospital","Brisbane (PAH/RBWH)",1279,152.8819,-26.40467,"Sunshine Coast University Hospital","Brain Injury Rehabilitation Unit",66.252447795
"Black River",52,NA,"Townsville University Hospital",1106,146.618,-19.23302,"Townsville University Hospital","Townsville University Hospital",17.40782956
"Blackall",389,"Blackall Hospital","Brisbane (PAH/RBWH)",1206,145.4645,-24.42336,"Princess Alexandra Hospital (PAH)","Brain Injury Rehabilitation Unit",623.3512071
"Blackbutt",176,"Nanango Hospital","Brisbane (PAH/RBWH)",1314,152.1042,-26.88722,"Sunshine Coast University Hospital","Brain Injury Rehabilitation Unit",110.65915009
"Blackwater",365,"Blackwater Hospital","Brisbane (PAH/RBWH)",1184,148.8834,-23.5779,"Townsville University Hospital","Brain Injury Rehabilitation Unit",488.434806275
"Blue Mountain Heights",282,"Toowoomba Hospital","Brisbane (PAH/RBWH)",1358,151.9612,-27.50364,"Princess Alexandra Hospital (PAH)","Brain Injury Rehabilitation Unit",90.53431145
"Bluewater",59,NA,"Townsville University Hospital",1101,146.5589,-19.1675,"Townsville University Hospital","Townsville University Hospital",24.33048709
"Bluewater Park",65,NA,"Townsville University Hospital",1105,146.5138,-19.20308,"Townsville University Hospital","Townsville University Hospital",27.82355798
"Bluff",370,"Blackwater Hospital","Brisbane (PAH/RBWH)",1186,149.0695,-23.57993,"Townsville University Hospital","Brain Injury Rehabilitation Unit",487.780837455
"Boigu Island",493,"Thursday Island Hospital","Townsville University Hospital",1001,142.2153,-9.260192,"Townsville University Hospital","Townsville University Hospital",1344.9550912
"Bongaree",93,NA,"Brisbane (PAH/RBWH)",1329,153.1626,-27.08546,"Sunshine Coast University Hospital","Brain Injury Rehabilitation Unit",56.31982388
"Boonah",129,NA,"Brisbane (PAH/RBWH)",1417,152.6824,-27.9978,"Princess Alexandra Hospital (PAH)","Brain Injury Rehabilitation Unit",61.17967837
"Boonooroo - Tuan",393,"Hervey Bay Hospital","Brisbane (PAH/RBWH)",1250,152.8771,-25.6788,"Sunshine Coast University Hospital","Brain Injury Rehabilitation Unit",139.323573335
"Booral",346,"Hervey Bay Hospital","Brisbane (PAH/RBWH)",1239,152.9037,-25.36202,"Sunshine Coast University Hospital","Brain Injury Rehabilitation Unit",175.98178622
"Boreen Point",144,NA,"Brisbane (PAH/RBWH)",1271,152.9952,-26.28443,"Sunshine Coast University Hospital","Brain Injury Rehabilitation Unit",83.83386267
"Bouldercombe",465,"Rockhampton Hospital","Brisbane (PAH/RBWH)",1185,150.4668,-23.57818,"Sunshine Coast University Hospital","Brain Injury Rehabilitation Unit",391.438286025
"Boulia",377,"Boulia Primary Health Centre","Townsville University Hospital",1166,139.9082,-22.91287,"Townsville University Hospital","Townsville University Hospital",663.0277266
"Bowen",203,"Bowen Hospital","Townsville University Hospital",1120,148.2418,-20.01494,"Townsville University Hospital","Townsville University Hospital",136.0164966
"Boyland",75,NA,"Gold Coast University Hospital",1410,153.1642,-27.94939,"Gold Coast University Hospital","Gold Coast University Hospital",39.4530594
"Bramston Beach",197,"Babinda Hospital","Townsville University Hospital",1055,146.0198,-17.35108,"Townsville University Hospital","Townsville University Hospital",195.0459784
"Brandon",156,"Ayr Hospital","Townsville University Hospital",1116,147.3554,-19.55389,"Townsville University Hospital","Townsville University Hospital",55.77882303
"Brightview",88,NA,"Brisbane (PAH/RBWH)",1360,152.4916,-27.51975,"Princess Alexandra Hospital (PAH)","Brain Injury Rehabilitation Unit",50.71590027
"Bundaberg",421,"Bundaberg Hospital","Brisbane (PAH/RBWH)",1216,152.3444,-24.87052,"Sunshine Coast University Hospital","Brain Injury Rehabilitation Unit",218.43228101
"Burketown",383,"Burketown Primary Health Centre","Townsville University Hospital",1072,139.5466,-17.74255,"Townsville University Hospital","Townsville University Hospital",757.3075299
"Burnett Heads",435,"Bundaberg Hospital","Brisbane (PAH/RBWH)",1210,152.4149,-24.76892,"Sunshine Coast University Hospital","Brain Injury Rehabilitation Unit",226.651264315
"Burrum Heads",362,"Hervey Bay Hospital","Brisbane (PAH/RBWH)",1227,152.609,-25.18701,"Sunshine Coast University Hospital","Brain Injury Rehabilitation Unit",174.22093497
"Burrum Heads - East",362,"Hervey Bay Hospital","Brisbane (PAH/RBWH)",1228,152.6334,-25.21101,"Sunshine Coast University Hospital","Brain Injury Rehabilitation Unit",173.07836832
"Burrum Heads - South",355,"Hervey Bay Hospital","Brisbane (PAH/RBWH)",1230,152.5934,-25.23535,"Sunshine Coast University Hospital","Brain Injury Rehabilitation Unit",170.277996295
"Byfield",521,"Rockhampton Hospital","Brisbane (PAH/RBWH)",1165,150.6508,-22.85074,"Sunshine Coast University Hospital","Brain Injury Rehabilitation Unit",445.63052163
"Cabbage Tree Point",66,NA,"Gold Coast University Hospital",1392,153.3552,-27.73664,"Gold Coast University Hospital","Gold Coast University Hospital",30.8583654
"Cairns",312,"Cairns Hospital","Townsville University Hospital",1041,145.7649,-16.92311,"Townsville University Hospital","Townsville University Hospital",240.0324477
"Calen",376,"Mackay Hospital","Townsville University Hospital",1139,148.7716,-20.89849,"Townsville University Hospital","Townsville University Hospital",217.8878607
"Calliope",247,"Gladstone Hospital","Brisbane (PAH/RBWH)",1196,151.213,-23.99655,"Sunshine Coast University Hospital","Brain Injury Rehabilitation Unit",322.01630399
"Cambooya",298,"Toowoomba Hospital","Brisbane (PAH/RBWH)",1390,151.8615,-27.70633,"Princess Alexandra Hospital (PAH)","Brain Injury Rehabilitation Unit",106.85816831
"Camooweal",383,"Camooweal Primary Health Centre","Townsville University Hospital",1119,138.119,-19.92248,"Townsville University Hospital","Townsville University Hospital",719.0156323
"Campwin Beach",372,"Mackay Hospital","Townsville University Hospital",1155,149.313,-21.37793,"Townsville University Hospital","Townsville University Hospital",278.5367429
"Cannonvale",216,"Proserpine Hospital","Townsville University Hospital",1126,148.6962,-20.2769,"Townsville University Hospital","Townsville University Hospital",184.2158004
"Canungra",68,NA,"Gold Coast University Hospital",1418,153.1598,-28.01415,"Gold Coast University Hospital","Gold Coast University Hospital",33.14611747
"Capella",365,"Emerald Hospital","Brisbane (PAH/RBWH)",1169,148.0248,-23.08513,"Townsville University Hospital","Brain Injury Rehabilitation Unit",484.1754175
"Cardwell",161,"Ingham Hospital","Townsville University Hospital",1085,146.0227,-18.26396,"Townsville University Hospital","Townsville University Hospital",110.1552451
"Carmoo",203,"Tully Hospital","Townsville University Hospital",1082,146.0461,-17.94788,"Townsville University Hospital","Townsville University Hospital",148.548011
"Cecil Plains",353,"Toowoomba Hospital","Brisbane (PAH/RBWH)",1361,151.1936,-27.53233,"Princess Alexandra Hospital (PAH)","Brain Injury Rehabilitation Unit",138.04025191
"Cedar Grove",78,NA,"Brisbane (PAH/RBWH)",1401,152.9843,-27.86655,"Princess Alexandra Hospital (PAH)","Brain Injury Rehabilitation Unit",42.69951376
"Cedar Vale",78,NA,"Brisbane (PAH/RBWH)",1403,153.002,-27.87876,"Princess Alexandra Hospital (PAH)","Brain Injury Rehabilitation Unit",42.92606492
"Charleville",329,"Charleville Hospital","Brisbane (PAH/RBWH)",1280,146.2416,-26.40697,"Princess Alexandra Hospital (PAH)","Brain Injury Rehabilitation Unit",487.05455387
"Charters Towers",172,"Charters Towers Hospital","Townsville University Hospital",1122,146.2598,-20.07699,"Townsville University Hospital","Townsville University Hospital",90.71172953
"Cherbourg",190,"Cherbourg Hospital","Brisbane (PAH/RBWH)",1272,151.9565,-26.28971,"Sunshine Coast University Hospital","Brain Injury Rehabilitation Unit",154.964637215
"Childers",455,"Bundaberg Hospital","Brisbane (PAH/RBWH)",1231,152.2765,-25.23536,"Sunshine Coast University Hospital","Brain Injury Rehabilitation Unit",181.271797625
"Chillagoe",222,"Chillagoe Primary Health Centre","Townsville University Hospital",1047,144.5225,-17.15243,"Townsville University Hospital","Townsville University Hospital",358.5812771
"Chinchilla",329,"Chinchilla Hospital","Brisbane (PAH/RBWH)",1305,150.628,-26.74202,"Royal Brisbane and Women's Hospital (RBWH)","Brain Injury Rehabilitation Unit",194.27306223
"Clermont",313,"Clermont Hospital","Townsville University Hospital",1164,147.6374,-22.82681,"Townsville University Hospital","Townsville University Hospital",328.7490393
"Clifton",304,"Toowoomba Hospital","Brisbane (PAH/RBWH)",1406,151.9083,-27.92996,"Princess Alexandra Hospital (PAH)","Brain Injury Rehabilitation Unit",120.8941977
"Cloncurry",347,"Cloncurry Hospital","Townsville University Hospital",1134,140.5092,-20.70554,"Townsville University Hospital","Townsville University Hospital",527.8910342
"Coconuts",188,"Innisfail Hospital","Townsville University Hospital",1062,146.0431,-17.50908,"Townsville University Hospital","Townsville University Hospital",177.7848091
"Coen",395,"Coen Primary Health Centre","Townsville University Hospital",1024,143.1999,-13.9448,"Townsville University Hospital","Townsville University Hospital",629.7689944
"Collinsville",206,"Collinsville Hospital","Townsville University Hospital",1130,147.8441,-20.55341,"Townsville University Hospital","Townsville University Hospital",180.8340175
"Coochiemudlo Island",114,NA,"Brisbane (PAH/RBWH)",1371,153.3328,-27.56886,"Princess Alexandra Hospital (PAH)","Brain Injury Rehabilitation Unit",44.25689606
"Cooktown",265,"Cooktown Hospital","Townsville University Hospital",1027,145.2488,-15.47177,"Townsville University Hospital","Townsville University Hospital",442.1620646
"Cooloola Village",155,NA,"Brisbane (PAH/RBWH)",1259,152.982,-25.97598,"Sunshine Coast University Hospital","Brain Injury Rehabilitation Unit",124.680307165
"Coominya",128,NA,"Brisbane (PAH/RBWH)",1343,152.5023,-27.3916,"Princess Alexandra Hospital (PAH)","Brain Injury Rehabilitation Unit",58.81420238
"Cooran",139,NA,"Brisbane (PAH/RBWH)",1274,152.8222,-26.33805,"Sunshine Coast University Hospital","Brain Injury Rehabilitation Unit",75.72917614
"Cooroibah",316,"Sunshine Coast University Hospital","Brisbane (PAH/RBWH)",1276,152.9939,-26.35897,"Sunshine Coast University Hospital","Brain Injury Rehabilitation Unit",76.702220375
"Cooroy",304,"Sunshine Coast University Hospital","Brisbane (PAH/RBWH)",1282,152.9089,-26.41875,"Sunshine Coast University Hospital","Brain Injury Rehabilitation Unit",62.004307855
"Cooya Beach",217,"Mossman Hospital","Townsville University Hospital",1033,145.4067,-16.44813,"Townsville University Hospital","Townsville University Hospital",301.5280252
"Cordalba",481,"Bundaberg Hospital","Brisbane (PAH/RBWH)",1225,152.2111,-25.15681,"Sunshine Coast University Hospital","Brain Injury Rehabilitation Unit",192.48778983
"Craiglie",366,"Cairns Hospital","Townsville University Hospital",1036,145.467,-16.51455,"Townsville University Hospital","Townsville University Hospital",294.6217099
"Crows Nest",308,"Toowoomba Hospital","Brisbane (PAH/RBWH)",1336,152.0506,-27.26153,"Princess Alexandra Hospital (PAH)","Brain Injury Rehabilitation Unit",112.27559275
"Croydon",353,"Croydon Primary Health Centre","Townsville University Hospital",1084,142.2422,-18.2051,"Townsville University Hospital","Townsville University Hospital",440.8011271
"Cungulla",85,NA,"Townsville University Hospital",1111,147.1112,-19.40128,"Townsville University Hospital","Townsville University Hospital",34.92663311
"Cunnamulla",371,"Cunnamulla Hospital","Brisbane (PAH/RBWH)",1422,145.6832,-28.06921,"Princess Alexandra Hospital (PAH)","Brain Injury Rehabilitation Unit",510.4661174
"Curra",348,"Sunshine Coast University Hospital","Brisbane (PAH/RBWH)",1260,152.5881,-26.07081,"Sunshine Coast University Hospital","Brain Injury Rehabilitation Unit",102.34832701
"D'Aguilar",88,NA,"Brisbane (PAH/RBWH)",1321,152.7984,-26.98884,"Sunshine Coast University Hospital","Brain Injury Rehabilitation Unit",50.912303915
"Daintree",234,"Mossman Hospital","Townsville University Hospital",1030,145.3306,-16.26079,"Townsville University Hospital","Townsville University Hospital",328.136468
"Dalby",180,"Dalby Hospital","Brisbane (PAH/RBWH)",1333,151.261,-27.18328,"Princess Alexandra Hospital (PAH)","Brain Injury Rehabilitation Unit",137.77687653
"Dayboro",80,NA,"Brisbane (PAH/RBWH)",1334,152.8215,-27.19792,"Royal Brisbane and Women's Hospital (RBWH)","Brain Injury Rehabilitation Unit",45.94322219
"Deebing Heights",74,NA,"Brisbane (PAH/RBWH)",1389,152.7546,-27.69709,"Royal Brisbane and Women's Hospital (RBWH)","Brain Injury Rehabilitation Unit",36.31318837
"Delaneys Creek",88,NA,"Brisbane (PAH/RBWH)",1322,152.7971,-27.00308,"Sunshine Coast University Hospital","Brain Injury Rehabilitation Unit",51.400396015
"Dimbulah",188,"Cairns Hospital","Townsville University Hospital",1046,145.1096,-17.15058,"Townsville University Hospital","Townsville University Hospital",288.7027495
"Dingo",379,"Blackwater Hospital","Brisbane (PAH/RBWH)",1188,149.3315,-23.64629,"Sunshine Coast University Hospital","Brain Injury Rehabilitation Unit",474.194710785
"Dirranbandi",365,"Dirranbandi Hospital","Brisbane (PAH/RBWH)",1432,148.2271,-28.5841,"Princess Alexandra Hospital (PAH)","Brain Injury Rehabilitation Unit",377.35030448
"Donnybrook",87,NA,"Brisbane (PAH/RBWH)",1323,153.0662,-27.00662,"Sunshine Coast University Hospital","Brain Injury Rehabilitation Unit",40.98264594
"Doomadgee",395,"Doomadgee Hospital","Townsville University Hospital",1080,138.824,-17.94141,"Townsville University Hospital","Townsville University Hospital",791.3431982
"Doonan - Tinbeerwah",305,"Sunshine Coast University Hospital","Brisbane (PAH/RBWH)",1283,153.0119,-26.43781,"Sunshine Coast University Hospital","Brain Injury Rehabilitation Unit",64.457888505
"Duaringa",516,"Rockhampton Hospital","Brisbane (PAH/RBWH)",1190,149.6687,-23.71846,"Sunshine Coast University Hospital","Brain Injury Rehabilitation Unit",452.164626025
"Dunwich",116,NA,"Brisbane (PAH/RBWH)",1357,153.4038,-27.49776,"Princess Alexandra Hospital (PAH)","Brain Injury Rehabilitation Unit",82.96294679
"Durham",395,"Thargomindah Primary Health Centre","Brisbane (PAH/RBWH)",1439,141.811455,-27.397056,"Princess Alexandra Hospital (PAH)","Brain Injury Rehabilitation Unit",790.94068159
"Dysart",294,"Dysart Hospital","Townsville University Hospital",1162,148.3481,-22.58982,"Townsville University Hospital","Townsville University Hospital",381.2894072
"Eagle Heights",69,NA,"Gold Coast University Hospital",1405,153.2054,-27.92251,"Gold Coast University Hospital","Gold Coast University Hospital",33.55756187
"Eidsvold",235,"Mundubbera Hospital","Brisbane (PAH/RBWH)",1240,151.1221,-25.37064,"Sunshine Coast University Hospital","Brain Injury Rehabilitation Unit",242.530597125
"El Arish",203,"Tully Hospital","Townsville University Hospital",1075,146.0048,-17.80559,"Townsville University Hospital","Townsville University Hospital",149.0178481
"Elliott Heads",440,"Bundaberg Hospital","Brisbane (PAH/RBWH)",1220,152.4888,-24.9178,"Sunshine Coast University Hospital","Brain Injury Rehabilitation Unit",224.489287285
"Emerald",365,"Emerald Hospital","Brisbane (PAH/RBWH)",1182,148.1598,-23.52349,"Townsville University Hospital","Brain Injury Rehabilitation Unit",484.30280612
"Emu Park",479,"Rockhampton Hospital","Brisbane (PAH/RBWH)",1175,150.8238,-23.25994,"Sunshine Coast University Hospital","Brain Injury Rehabilitation Unit",423.721683085
"Erakala",347,"Mackay Hospital","Townsville University Hospital",1144,149.1071,-21.12326,"Townsville University Hospital","Townsville University Hospital",247.6294439
"Erub (Darnley) Island",527,"Thursday Island Hospital","Townsville University Hospital",1003,143.7703,-9.585443,"Townsville University Hospital","Townsville University Hospital",1364.9550912
"Esk",139,NA,"Brisbane (PAH/RBWH)",1335,152.4179,-27.23674,"Princess Alexandra Hospital (PAH)","Brain Injury Rehabilitation Unit",69.77455894
"Eton",361,"Mackay Hospital","Townsville University Hospital",1151,148.9732,-21.26365,"Townsville University Hospital","Townsville University Hospital",253.168276
"Eumundi",300,"Sunshine Coast University Hospital","Brisbane (PAH/RBWH)",1286,152.9513,-26.47643,"Sunshine Coast University Hospital","Brain Injury Rehabilitation Unit",58.530946095
"Farleigh",348,"Mackay Hospital","Townsville University Hospital",1143,149.1017,-21.10705,"Townsville University Hospital","Townsville University Hospital",245.7122812
"Fernvale",122,NA,"Brisbane (PAH/RBWH)",1349,152.6594,-27.45012,"Princess Alexandra Hospital (PAH)","Brain Injury Rehabilitation Unit",43.88047248
"Finch Hatton",384,"Mackay Hospital","Townsville University Hospital",1145,148.6313,-21.14165,"Townsville University Hospital","Townsville University Hospital",259.6765666
"Flaxton",314,"Sunshine Coast University Hospital","Brisbane (PAH/RBWH)",1299,152.8647,-26.65557,"Sunshine Coast University Hospital","Brain Injury Rehabilitation Unit",62.43394666
"Flying Fish Point",188,"Innisfail Hospital","Townsville University Hospital",1061,146.0754,-17.49616,"Townsville University Hospital","Townsville University Hospital",182.308228
"Forest Acres",136,NA,"Brisbane (PAH/RBWH)",1278,152.9413,-26.36638,"Sunshine Coast University Hospital","Brain Injury Rehabilitation Unit",69.47693043
"Forest Hill",93,NA,"Brisbane (PAH/RBWH)",1375,152.3549,-27.58999,"Princess Alexandra Hospital (PAH)","Brain Injury Rehabilitation Unit",57.99959716
"Gatton",127,NA,"Brisbane (PAH/RBWH)",1369,152.2751,-27.56033,"Princess Alexandra Hospital (PAH)","Brain Injury Rehabilitation Unit",62.54882434
"Gayndah",244,"Gayndah Hospital","Brisbane (PAH/RBWH)",1248,151.6074,-25.62451,"Sunshine Coast University Hospital","Brain Injury Rehabilitation Unit",191.519589515
"Georgetown",329,"Georgetown Primary Health Centre","Townsville University Hospital",1086,143.5479,-18.29241,"Townsville University Hospital","Townsville University Hospital",345.7479095
"Gin Gin",454,"Bundaberg Hospital","Brisbane (PAH/RBWH)",1223,151.9557,-24.99157,"Sunshine Coast University Hospital","Brain Injury Rehabilitation Unit",218.27190828
"Giru",75,NA,"Townsville University Hospital",1114,147.1066,-19.51333,"Townsville University Hospital","Townsville University Hospital",39.88493742
"Gladstone",247,"Gladstone Hospital","Brisbane (PAH/RBWH)",1193,151.2578,-23.84753,"Sunshine Coast University Hospital","Brain Injury Rehabilitation Unit",329.38775098
"Glass House Mountain",88,NA,"Brisbane (PAH/RBWH)",1315,152.9507,-26.89771,"Sunshine Coast University Hospital","Brain Injury Rehabilitation Unit",40.755656915
"Glendale",468,"Rockhampton Hospital","Brisbane (PAH/RBWH)",1174,150.4751,-23.24572,"Sunshine Coast University Hospital","Brain Injury Rehabilitation Unit",411.929948735
"Glenden",213,NA,"Townsville University Hospital",1153,148.1138,-21.35315,"Townsville University Hospital","Townsville University Hospital",258.0834264
"Gleneagle",86,NA,"Brisbane (PAH/RBWH)",1409,152.9918,-27.94234,"Princess Alexandra Hospital (PAH)","Brain Injury Rehabilitation Unit",50.63844965
"Glenore Grove",128,NA,"Brisbane (PAH/RBWH)",1364,152.4122,-27.54114,"Princess Alexandra Hospital (PAH)","Brain Injury Rehabilitation Unit",54.25347942
"Glenview",281,"Sunshine Coast University Hospital","Brisbane (PAH/RBWH)",1308,153.0204,-26.76952,"Sunshine Coast University Hospital","Brain Injury Rehabilitation Unit",39.414259375
"Glenwood",292,"Gympie Hospital","Brisbane (PAH/RBWH)",1258,152.6324,-25.94735,"Sunshine Coast University Hospital","Brain Injury Rehabilitation Unit",116.31036649
"Gold Coast",46,NA,"Gold Coast University Hospital",1415,153.4277,-27.99114,"Gold Coast University Hospital","Gold Coast University Hospital",10.86359517
"Goldsborough",341,"Cairns Hospital","Townsville University Hospital",1045,145.7509,-17.14553,"Townsville University Hospital","Townsville University Hospital",223.9756898
"Gooburrum",426,"Bundaberg Hospital","Brisbane (PAH/RBWH)",1212,152.345,-24.81685,"Sunshine Coast University Hospital","Brain Injury Rehabilitation Unit",225.839147965
"Goombungee",313,"Toowoomba Hospital","Brisbane (PAH/RBWH)",1338,151.8502,-27.30485,"Princess Alexandra Hospital (PAH)","Brain Injury Rehabilitation Unit",111.93125337
"Goomeri",193,"Murgon Hospital","Brisbane (PAH/RBWH)",1264,152.0647,-26.18048,"Sunshine Coast University Hospital","Brain Injury Rehabilitation Unit",140.58191722
"Goondiwindi",236,"Goondiwindi Hospital","Brisbane (PAH/RBWH)",1430,150.3062,-28.54799,"Royal Brisbane and Women's Hospital (RBWH)","Brain Injury Rehabilitation Unit",226.18715539
"Gordonvale",335,"Cairns Hospital","Townsville University Hospital",1044,145.7806,-17.09611,"Townsville University Hospital","Townsville University Hospital",218.7128079
"Gowrie",345,"Charleville Hospital","Brisbane (PAH/RBWH)",1268,146.3207,-26.23114,"Princess Alexandra Hospital (PAH)","Brain Injury Rehabilitation Unit",501.11740632
"Gowrie Junction",285,"Toowoomba Hospital","Brisbane (PAH/RBWH)",1355,151.8928,-27.49125,"Princess Alexandra Hospital (PAH)","Brain Injury Rehabilitation Unit",92.73435423
"Gowrie Mountain",286,"Toowoomba Hospital","Brisbane (PAH/RBWH)",1359,151.8228,-27.51137,"Princess Alexandra Hospital (PAH)","Brain Injury Rehabilitation Unit",94.01662795
"Gracemere",455,"Rockhampton Hospital","Brisbane (PAH/RBWH)",1179,150.4558,-23.43865,"Sunshine Coast University Hospital","Brain Injury Rehabilitation Unit",388.270226765
"Grantham",126,NA,"Brisbane (PAH/RBWH)",1373,152.2012,-27.57374,"Princess Alexandra Hospital (PAH)","Brain Injury Rehabilitation Unit",70.15459664
"Grasstree Beach",373,"Mackay Hospital","Townsville University Hospital",1154,149.3067,-21.36404,"Townsville University Hospital","Townsville University Hospital",277.1300937
"Greenmount",295,"Toowoomba Hospital","Brisbane (PAH/RBWH)",1395,151.9059,-27.78299,"Princess Alexandra Hospital (PAH)","Brain Injury Rehabilitation Unit",108.43819217
"Gununa",407,"Mornington Island Hospital","Townsville University Hospital",1038,139.178,-16.65843,"Townsville University Hospital","Townsville University Hospital",955.3431982
"Gympie",180,"Gympie Hospital","Brisbane (PAH/RBWH)",1265,152.6706,-26.18893,"Sunshine Coast University Hospital","Brain Injury Rehabilitation Unit",88.21144719
"Haliday Bay - Ball Bay",374,"Mackay Hospital","Townsville University Hospital",1140,148.9879,-20.90075,"Townsville University Hospital","Townsville University Hospital",248.4252623
"Halifax",161,"Ingham Hospital","Townsville University Hospital",1088,146.2856,-18.58094,"Townsville University Hospital","Townsville University Hospital",88.62110909
"Hamilton Island",203,NA,"Townsville University Hospital",1127,148.9686,-20.35179,"Townsville University Hospital","Townsville University Hospital",237.9391187
"Hammond Island",411,"Thursday Island Hospital","Townsville University Hospital",1011,142.2047,-10.54803,"Townsville University Hospital","Townsville University Hospital",1014.9550912
"Harrisville",95,NA,"Brisbane (PAH/RBWH)",1397,152.6677,-27.81036,"Princess Alexandra Hospital (PAH)","Brain Injury Rehabilitation Unit",48.79239698
"Hay Point",376,"Mackay Hospital","Townsville University Hospital",1152,149.2905,-21.29652,"Townsville University Hospital","Townsville University Hospital",276.9150095
"Helidon",293,"Toowoomba Hospital","Brisbane (PAH/RBWH)",1365,152.1254,-27.54838,"Princess Alexandra Hospital (PAH)","Brain Injury Rehabilitation Unit",70.45244663
"Herberton",206,"Herberton Hospital","Townsville University Hospital",1057,145.3852,-17.38376,"Townsville University Hospital","Townsville University Hospital",240.1605096
"Hervey Bay",341,"Hervey Bay Hospital","Brisbane (PAH/RBWH)",1234,152.8722,-25.28535,"Sunshine Coast University Hospital","Brain Injury Rehabilitation Unit",181.11582341
"Hideaway Bay - Dingo Beach",234,"Proserpine Hospital","Townsville University Hospital",1123,148.4886,-20.08489,"Townsville University Hospital","Townsville University Hospital",183.9408397
"Highfields",286,"Toowoomba Hospital","Brisbane (PAH/RBWH)",1352,151.9481,-27.46253,"Princess Alexandra Hospital (PAH)","Brain Injury Rehabilitation Unit",95.97185368
"Home Hill",156,"Ayr Hospital","Townsville University Hospital",1118,147.4144,-19.66043,"Townsville University Hospital","Townsville University Hospital",70.87277856
"Hope Vale",278,"Hope Vale Primary Health Centre","Townsville University Hospital",1026,145.1102,-15.2971,"Townsville University Hospital","Townsville University Hospital",479.0571065
"Horn Island",414,"Thursday Island Hospital","Townsville University Hospital",1013,142.2837,-10.60644,"Townsville University Hospital","Townsville University Hospital",1095.321749
"Horseshoe Bay",111,NA,"Townsville University Hospital",1096,146.8597,-19.11815,"Townsville University Hospital","Townsville University Hospital",70.42251091
"Howard",358,"Hervey Bay Hospital","Brisbane (PAH/RBWH)",1235,152.5602,-25.31648,"Sunshine Coast University Hospital","Brain Injury Rehabilitation Unit",163.2812955
"Hughenden",323,"Hughenden Hospital","Townsville University Hospital",1137,144.1992,-20.84553,"Townsville University Hospital","Townsville University Hospital",258.6784947
"Hungerford",395,"Thargomindah Primary Health Centre","Brisbane (PAH/RBWH)",1440,144.409847,-28.996741,"Princess Alexandra Hospital (PAH)","Brain Injury Rehabilitation Unit",638.80820376
"Iama (Yam) Island",466,"Thursday Island Hospital","Townsville University Hospital",1005,142.7744,-9.900403,"Townsville University Hospital","Townsville University Hospital",1174.9550912
"Imbil",146,NA,"Brisbane (PAH/RBWH)",1285,152.677,-26.46119,"Sunshine Coast University Hospital","Brain Injury Rehabilitation Unit",85.922304185
"Ingham",161,"Ingham Hospital","Townsville University Hospital",1092,146.1581,-18.64706,"Townsville University Hospital","Townsville University Hospital",75.33067823
"Inglewood",203,"Inglewood Hospital","Brisbane (PAH/RBWH)",1429,151.0795,-28.41751,"Princess Alexandra Hospital (PAH)","Brain Injury Rehabilitation Unit",179.77983077
"Injinoo",467,"Bamaga Hospital","Townsville University Hospital",1018,142.3275,-10.90209,"Townsville University Hospital","Townsville University Hospital",934.9848422
"Injune",353,"Injune Hospital","Brisbane (PAH/RBWH)",1254,148.5651,-25.84311,"Princess Alexandra Hospital (PAH)","Brain Injury Rehabilitation Unit",375.55593746
"Innes Park",436,"Bundaberg Hospital","Brisbane (PAH/RBWH)",1217,152.4823,-24.88137,"Sunshine Coast University Hospital","Brain Injury Rehabilitation Unit",222.76145876
"Innisfail",188,"Innisfail Hospital","Townsville University Hospital",1065,146.0299,-17.52363,"Townsville University Hospital","Townsville University Hospital",174.0023646
"Jacobs Well",61,NA,"Gold Coast University Hospital",1394,153.3629,-27.78179,"Gold Coast University Hospital","Gold Coast University Hospital",26.07401449
"Jandowae",329,"Jandowae Hospital","Brisbane (PAH/RBWH)",1309,151.1101,-26.78068,"Princess Alexandra Hospital (PAH)","Brain Injury Rehabilitation Unit",172.48807088
"Jimboomba",73,NA,"Brisbane (PAH/RBWH)",1399,153.0307,-27.83265,"Princess Alexandra Hospital (PAH)","Brain Injury Rehabilitation Unit",38.239324
"Jimboomba - West",75,NA,"Brisbane (PAH/RBWH)",1398,152.9618,-27.81259,"Princess Alexandra Hospital (PAH)","Brain Injury Rehabilitation Unit",40.15583666
"Johnstone",377,"Dirranbandi Hospital","Brisbane (PAH/RBWH)",1434,148.5382,-28.6787,"Princess Alexandra Hospital (PAH)","Brain Injury Rehabilitation Unit",373.71842787
"Julia Creek",347,"Julia Creek Hospital","Townsville University Hospital",1133,141.7435,-20.65701,"Townsville University Hospital","Townsville University Hospital",437.1810472
"Kalamia Estate",156,"Ayr Hospital","Townsville University Hospital",1115,147.4184,-19.53428,"Townsville University Hospital","Townsville University Hospital",67.14997686
"Kalbar",129,NA,"Brisbane (PAH/RBWH)",1408,152.6229,-27.94196,"Princess Alexandra Hospital (PAH)","Brain Injury Rehabilitation Unit",58.29706134
"Karumba",371,"Normanton Hospital","Townsville University Hospital",1060,140.8383,-17.48673,"Townsville University Hospital","Townsville University Hospital",583.6413746
"Kenilworth",139,NA,"Brisbane (PAH/RBWH)",1292,152.727,-26.59522,"Sunshine Coast University Hospital","Brain Injury Rehabilitation Unit",80.78772411
"Kensington Grove - Regency Downs",128,NA,"Brisbane (PAH/RBWH)",1363,152.4572,-27.53986,"Princess Alexandra Hospital (PAH)","Brain Injury Rehabilitation Unit",51.65972605
"Keppel Sands",486,"Rockhampton Hospital","Brisbane (PAH/RBWH)",1176,150.7919,-23.3275,"Sunshine Coast University Hospital","Brain Injury Rehabilitation Unit",420.448096695
"Kiels Mountain",291,"Sunshine Coast University Hospital","Brisbane (PAH/RBWH)",1298,153.001,-26.6527,"Sunshine Coast University Hospital","Brain Injury Rehabilitation Unit",47.812294865
"Kilcoy",133,NA,"Brisbane (PAH/RBWH)",1318,152.5638,-26.94019,"Sunshine Coast University Hospital","Brain Injury Rehabilitation Unit",69.242141145
"Kilkivan",164,NA,"Brisbane (PAH/RBWH)",1261,152.2399,-26.08621,"Sunshine Coast University Hospital","Brain Injury Rehabilitation Unit",122.631467485
"Killarney",169,"Warwick Hospital","Brisbane (PAH/RBWH)",1141,152.2963,-28.33305,"Princess Alexandra Hospital (PAH)","Brain Injury Rehabilitation Unit",125.95798438
"Kingaroy",185,"Kingaroy Hospital","Brisbane (PAH/RBWH)",1288,151.8443,-26.53645,"Sunshine Coast University Hospital","Brain Injury Rehabilitation Unit",155.7724814
"Kingsthorpe",291,"Toowoomba Hospital","Brisbane (PAH/RBWH)",1354,151.8191,-27.47543,"Princess Alexandra Hospital (PAH)","Brain Injury Rehabilitation Unit",98.02037522
"Kinka Beach",478,"Rockhampton Hospital","Brisbane (PAH/RBWH)",1173,150.7876,-23.2243,"Sunshine Coast University Hospital","Brain Injury Rehabilitation Unit",422.828068145
"Kooralbyn",135,NA,"Gold Coast University Hospital",1423,152.8443,-28.08068,"Gold Coast University Hospital","Gold Coast University Hospital",76.96299924
"Kowanyama",389,"Kowanyama Primary Health Centre","Townsville University Hospital",1028,141.7435,-15.47744,"Townsville University Hospital","Townsville University Hospital",796.2775668
"Kuranda",341,"Cairns Hospital","Townsville University Hospital",1039,145.6352,-16.82032,"Townsville University Hospital","Townsville University Hospital",269.3849901
"Kureelpa",128,NA,"Brisbane (PAH/RBWH)",1293,152.8837,-26.60834,"Sunshine Coast University Hospital","Brain Injury Rehabilitation Unit",59.78682533
"Kurrimine",188,"Innisfail Hospital","Townsville University Hospital",1074,146.1047,-17.77796,"Townsville University Hospital","Townsville University Hospital",161.2411821
"Laidley",127,NA,"Brisbane (PAH/RBWH)",1381,152.3938,-27.63099,"Princess Alexandra Hospital (PAH)","Brain Injury Rehabilitation Unit",58.33069643
"Laidley Heights",127,NA,"Brisbane (PAH/RBWH)",1384,152.3675,-27.63571,"Princess Alexandra Hospital (PAH)","Brain Injury Rehabilitation Unit",64.12887747
"Lamb Island",118,NA,"Brisbane (PAH/RBWH)",1379,153.3798,-27.62387,"Princess Alexandra Hospital (PAH)","Brain Injury Rehabilitation Unit",71.52496925
"Landsborough",285,"Sunshine Coast University Hospital","Brisbane (PAH/RBWH)",1310,152.9652,-26.80826,"Sunshine Coast University Hospital","Brain Injury Rehabilitation Unit",40.240519955
"Lockhart River",407,"Lockhart River Primary Health Centre","Townsville University Hospital",1022,143.3424,-12.78591,"Townsville University Hospital","Townsville University Hospital",854.0944546
"Lockrose",95,NA,"Brisbane (PAH/RBWH)",1356,152.4579,-27.49448,"Princess Alexandra Hospital (PAH)","Brain Injury Rehabilitation Unit",56.91201266
"Logan Village",78,NA,"Brisbane (PAH/RBWH)",1393,153.1134,-27.77455,"Princess Alexandra Hospital (PAH)","Brain Injury Rehabilitation Unit",41.25195715
"Longreach",419,"Longreach Hospital","Brisbane (PAH/RBWH)",1180,144.2475,-23.44447,"Townsville University Hospital","Brain Injury Rehabilitation Unit",634.91835666
"Lower Beechmont",65,NA,"Gold Coast University Hospital",1421,153.2516,-28.04105,"Gold Coast University Hospital","Gold Coast University Hospital",24.52312735
"Lowood",85,NA,"Brisbane (PAH/RBWH)",1350,152.5763,-27.46078,"Princess Alexandra Hospital (PAH)","Brain Injury Rehabilitation Unit",49.60656927
"Lucinda",161,"Ingham Hospital","Townsville University Hospital",1087,146.3337,-18.52889,"Townsville University Hospital","Townsville University Hospital",95.78898402
"Maaroom",383,"Hervey Bay Hospital","Brisbane (PAH/RBWH)",1247,152.8722,-25.61156,"Sunshine Coast University Hospital","Brain Injury Rehabilitation Unit",142.219290685
"Mabuiag Island",449,"Thursday Island Hospital","Townsville University Hospital",1007,142.1829,-9.95718,"Townsville University Hospital","Townsville University Hospital",1154.9550912
"Mackay",341,"Mackay Hospital","Townsville University Hospital",1147,149.1664,-21.15497,"Townsville University Hospital","Townsville University Hospital",256.3593963
"Macknade",161,"Ingham Hospital","Townsville University Hospital",1089,146.2605,-18.58664,"Townsville University Hospital","Townsville University Hospital",87.42525437
"Macleay Island",116,NA,"Brisbane (PAH/RBWH)",1376,153.3615,-27.59184,"Princess Alexandra Hospital (PAH)","Brain Injury Rehabilitation Unit",73.83337555
"Malanda",195,"Atherton Hospital","Townsville University Hospital",1056,145.5954,-17.35328,"Townsville University Hospital","Townsville University Hospital",226.3012574
"Maleny",126,NA,"Brisbane (PAH/RBWH)",1306,152.848,-26.75878,"Sunshine Coast University Hospital","Brain Injury Rehabilitation Unit",54.423834845
"Mapleton",131,NA,"Brisbane (PAH/RBWH)",1296,152.8651,-26.62074,"Sunshine Coast University Hospital","Brain Injury Rehabilitation Unit",61.56815465
"Mapoon",449,"Mapoon Primary Health Centre","Townsville University Hospital",1019,141.8976,-12.02178,"Townsville University Hospital","Townsville University Hospital",872.1839014
"Marburg",75,NA,"Brisbane (PAH/RBWH)",1372,152.5954,-27.56895,"Princess Alexandra Hospital (PAH)","Brain Injury Rehabilitation Unit",40.25067943
"Mareeba",198,"Mareeba Hospital","Townsville University Hospital",1042,145.4221,-16.9965,"Townsville University Hospital","Townsville University Hospital",268.6017775
"Mareeba - South",198,"Mareeba Hospital","Townsville University Hospital",1043,145.4211,-17.05062,"Townsville University Hospital","Townsville University Hospital",263.7673629
"Marian",358,"Mackay Hospital","Townsville University Hospital",1146,148.9428,-21.14558,"Townsville University Hospital","Townsville University Hospital",241.830663
"Maryborough",355,"Hervey Bay Hospital","Brisbane (PAH/RBWH)",1245,152.6935,-25.52726,"Sunshine Coast University Hospital","Brain Injury Rehabilitation Unit",149.14507754
"Maudsland",52,NA,"Gold Coast University Hospital",1407,153.2774,-27.93276,"Gold Coast University Hospital","Gold Coast University Hospital",16.32209891
"Mer (Murray) Island",534,"Thursday Island Hospital","Townsville University Hospital",1006,144.0504,-9.918105,"Townsville University Hospital","Townsville University Hospital",1374.9550912
"Merinda",203,"Bowen Hospital","Townsville University Hospital",1121,148.1648,-20.01751,"Townsville University Hospital","Townsville University Hospital",128.9773991
"Meringandan",293,"Toowoomba Hospital","Brisbane (PAH/RBWH)",1346,151.9132,-27.42327,"Princess Alexandra Hospital (PAH)","Brain Injury Rehabilitation Unit",103.2118672
"Meringandan West",294,"Toowoomba Hospital","Brisbane (PAH/RBWH)",1345,151.8819,-27.41789,"Princess Alexandra Hospital (PAH)","Brain Injury Rehabilitation Unit",105.21845738
"Middlemount",294,"Dysart Hospital","Townsville University Hospital",1163,148.7039,-22.81426,"Townsville University Hospital","Townsville University Hospital",386.8274776
"Midge Point",303,"Proserpine Hospital","Townsville University Hospital",1132,148.7213,-20.65029,"Townsville University Hospital","Townsville University Hospital",197.2785208
"Miles",325,"Miles Hospital","Brisbane (PAH/RBWH)",1300,150.1857,-26.65858,"Royal Brisbane and Women's Hospital (RBWH)","Brain Injury Rehabilitation Unit",226.703378225
"Millaa Millaa",195,"Atherton Hospital","Townsville University Hospital",1063,145.612,-17.51108,"Townsville University Hospital","Townsville University Hospital",209.7218221
"Millmerran",180,"Millmerran Hospital","Brisbane (PAH/RBWH)",1402,151.2671,-27.87814,"Princess Alexandra Hospital (PAH)","Brain Injury Rehabilitation Unit",137.99248504
"Minden Village",84,NA,"Brisbane (PAH/RBWH)",1362,152.5591,-27.5357,"Princess Alexandra Hospital (PAH)","Brain Injury Rehabilitation Unit",46.44948929
"Mirani",365,"Mackay Hospital","Townsville University Hospital",1148,148.8653,-21.16023,"Townsville University Hospital","Townsville University Hospital",248.3788949
"Miriam Vale",260,NA,"Brisbane (PAH/RBWH)",1204,151.5583,-24.328,"Sunshine Coast University Hospital","Brain Injury Rehabilitation Unit",280.713294725
"Mirriwinni",362,"Cairns Hospital","Townsville University Hospital",1058,145.9089,-17.39951,"Townsville University Hospital","Townsville University Hospital",190.4873454
"Mission Beach",203,"Tully Hospital","Townsville University Hospital",1077,146.107,-17.86879,"Townsville University Hospital","Townsville University Hospital",160.1762431
"Mitchell",347,"Mitchell Hospital","Brisbane (PAH/RBWH)",1287,147.976,-26.48827,"Princess Alexandra Hospital (PAH)","Brain Injury Rehabilitation Unit",374.88801161
"Monto",264,"Monto Hospital","Brisbane (PAH/RBWH)",1215,151.1207,-24.86547,"Sunshine Coast University Hospital","Brain Injury Rehabilitation Unit",299.52759881
"Mooloolah",290,"Sunshine Coast University Hospital","Brisbane (PAH/RBWH)",1307,152.9616,-26.76553,"Sunshine Coast University Hospital","Brain Injury Rehabilitation Unit",44.01153091
"Moore Park",448,"Bundaberg Hospital","Brisbane (PAH/RBWH)",1209,152.2757,-24.71776,"Sunshine Coast University Hospital","Brain Injury Rehabilitation Unit",237.41405898
"Moranbah",263,"Moranbah Hospital","Townsville University Hospital",1160,148.0456,-22.0039,"Townsville University Hospital","Townsville University Hospital",356.3131912
"Mossman",217,"Mossman Hospital","Townsville University Hospital",1034,145.3731,-16.46155,"Townsville University Hospital","Townsville University Hospital",302.5625889
"Mount Cotton",67,NA,"Brisbane (PAH/RBWH)",1383,153.2508,-27.63515,"Princess Alexandra Hospital (PAH)","Brain Injury Rehabilitation Unit",31.84857512
"Mount Garnet",187,NA,"Townsville University Hospital",1071,145.1208,-17.67675,"Townsville University Hospital","Townsville University Hospital",260.4561067
"Mount Glorious",86,NA,"Brisbane (PAH/RBWH)",1339,152.7701,-27.33397,"Royal Brisbane and Women's Hospital (RBWH)","Brain Injury Rehabilitation Unit",44.72808344
"Mount Isa",461,"Mount Isa Hospital","Townsville University Hospital",1135,139.4993,-20.73044,"Townsville University Hospital","Townsville University Hospital",605.3104692
"Mount Julian",216,"Proserpine Hospital","Townsville University Hospital",1128,148.6196,-20.37468,"Townsville University Hospital","Townsville University Hospital",176.5526797
"Mount Larcom",494,"Rockhampton Hospital","Brisbane (PAH/RBWH)",1192,150.9799,-23.8124,"Sunshine Coast University Hospital","Brain Injury Rehabilitation Unit",341.89688406
"Mount Morgan",476,"Rockhampton Hospital","Brisbane (PAH/RBWH)",1187,150.3881,-23.64464,"Sunshine Coast University Hospital","Brain Injury Rehabilitation Unit",405.586182305
"Mount Nathan",61,NA,"Gold Coast University Hospital",1412,153.2639,-27.97678,"Gold Coast University Hospital","Gold Coast University Hospital",22.69319355
"Mount Nebo",87,NA,"Brisbane (PAH/RBWH)",1342,152.7795,-27.39084,"Royal Brisbane and Women's Hospital (RBWH)","Brain Injury Rehabilitation Unit",41.028335515
"Mount Perry",244,NA,"Brisbane (PAH/RBWH)",1226,151.6442,-25.18036,"Sunshine Coast University Hospital","Brain Injury Rehabilitation Unit",253.13996519
"Mount Tamborine",65,NA,"Gold Coast University Hospital",1411,153.2014,-27.97114,"Gold Coast University Hospital","Gold Coast University Hospital",29.05278576
"Moura",291,"Moura Hospital","Brisbane (PAH/RBWH)",1208,149.9719,-24.57498,"Sunshine Coast University Hospital","Brain Injury Rehabilitation Unit",383.495246395
"Mourilyan",188,"Innisfail Hospital","Townsville University Hospital",1067,146.0419,-17.583,"Townsville University Hospital","Townsville University Hospital",167.0666337
"Mulambin",486,"Rockhampton Hospital","Brisbane (PAH/RBWH)",1172,150.7857,-23.19155,"Sunshine Coast University Hospital","Brain Injury Rehabilitation Unit",428.88055314
"Mundoolun",85,NA,"Brisbane (PAH/RBWH)",1400,153.0767,-27.86482,"Princess Alexandra Hospital (PAH)","Brain Injury Rehabilitation Unit",44.67092978
"Mundubbera",235,"Mundubbera Hospital","Brisbane (PAH/RBWH)",1246,151.2992,-25.59115,"Sunshine Coast University Hospital","Brain Injury Rehabilitation Unit",218.787561635
"Murgon",190,"Murgon Hospital","Brisbane (PAH/RBWH)",1270,151.9402,-26.24246,"Sunshine Coast University Hospital","Brain Injury Rehabilitation Unit",151.88813288
"Murphys Creek",300,"Toowoomba Hospital","Brisbane (PAH/RBWH)",1351,152.0567,-27.46123,"Princess Alexandra Hospital (PAH)","Brain Injury Rehabilitation Unit",80.36699962
"Nahrunda",180,"Gympie Hospital","Brisbane (PAH/RBWH)",1267,152.6127,-26.20237,"Sunshine Coast University Hospital","Brain Injury Rehabilitation Unit",92.394230495
"Nambour",293,"Sunshine Coast University Hospital","Brisbane (PAH/RBWH)",1297,152.9592,-26.62753,"Sunshine Coast University Hospital","Brain Injury Rehabilitation Unit",50.66487677
"Nanango",175,"Nanango Hospital","Brisbane (PAH/RBWH)",1302,151.9992,-26.6713,"Sunshine Coast University Hospital","Brain Injury Rehabilitation Unit",137.00480497
"Napranum",431,"Weipa Hospital","Townsville University Hospital",1021,141.8909,-12.68153,"Townsville University Hospital","Townsville University Hospital",805.6318151
"Nebo",401,"Mackay Hospital","Townsville University Hospital",1159,148.6917,-21.69028,"Townsville University Hospital","Townsville University Hospital",294.9302369
"Nelly Bay",108,NA,"Townsville University Hospital",1099,146.8484,-19.15696,"Townsville University Hospital","Townsville University Hospital",64.50439318
"New Mapoon",467,"Bamaga Hospital","Townsville University Hospital",1015,142.3863,-10.87403,"Townsville University Hospital","Townsville University Hospital",941.3848819
"Newell",217,"Mossman Hospital","Townsville University Hospital",1032,145.4061,-16.425,"Townsville University Hospital","Townsville University Hospital",308.6479163
"Nindaroo",354,"Mackay Hospital","Townsville University Hospital",1142,149.1636,-21.05945,"Townsville University Hospital","Townsville University Hospital",259.6209409
"Ningi",83,NA,"Brisbane (PAH/RBWH)",1326,153.1051,-27.06703,"Sunshine Coast University Hospital","Brain Injury Rehabilitation Unit",46.13124289
"Nome",63,NA,"Townsville University Hospital",1110,146.9099,-19.37372,"Townsville University Hospital","Townsville University Hospital",17.938261
"Normanton",371,"Normanton Hospital","Townsville University Hospital",1070,141.0761,-17.67331,"Townsville University Hospital","Townsville University Hospital",537.9366929
"Oak Beach",357,"Cairns Hospital","Townsville University Hospital",1037,145.5147,-16.5941,"Townsville University Hospital","Townsville University Hospital",284.1524671
"Oakey",297,"Toowoomba Hospital","Brisbane (PAH/RBWH)",1348,151.7183,-27.43202,"Princess Alexandra Hospital (PAH)","Brain Injury Rehabilitation Unit",104.5037502
"Oakhurst",368,"Hervey Bay Hospital","Brisbane (PAH/RBWH)",1244,152.6206,-25.51008,"Sunshine Coast University Hospital","Brain Injury Rehabilitation Unit",152.650572815
"Oakwood",426,"Bundaberg Hospital","Brisbane (PAH/RBWH)",1214,152.298,-24.85082,"Sunshine Coast University Hospital","Brain Injury Rehabilitation Unit",223.14336163
"Pacific Haven",362,"Hervey Bay Hospital","Brisbane (PAH/RBWH)",1233,152.5565,-25.26683,"Sunshine Coast University Hospital","Brain Injury Rehabilitation Unit",168.054833595
"Pallarenda",56,NA,"Townsville University Hospital",1104,146.773,-19.20234,"Townsville University Hospital","Townsville University Hospital",20.55136238
"Palm Island",150,"Palm Island Hospital","Townsville University Hospital",1094,146.6058,-18.72665,"Townsville University Hospital","Townsville University Hospital",284.3648964
"Palmwoods",298,"Sunshine Coast University Hospital","Brisbane (PAH/RBWH)",1303,152.9568,-26.69113,"Sunshine Coast University Hospital","Brain Injury Rehabilitation Unit",51.59772381
"Peachester",126,NA,"Brisbane (PAH/RBWH)",1312,152.8871,-26.84242,"Sunshine Coast University Hospital","Brain Injury Rehabilitation Unit",49.53127134
"Peak Crossing",85,NA,"Brisbane (PAH/RBWH)",1396,152.7294,-27.78404,"Princess Alexandra Hospital (PAH)","Brain Injury Rehabilitation Unit",41.480086
"Picnic Bay",107,NA,"Townsville University Hospital",1102,146.8379,-19.17814,"Townsville University Hospital","Townsville University Hospital",67.93645744
"Pie Creek",180,"Gympie Hospital","Brisbane (PAH/RBWH)",1269,152.6277,-26.23769,"Sunshine Coast University Hospital","Brain Injury Rehabilitation Unit",88.47196518
"Pittsworth",300,"Toowoomba Hospital","Brisbane (PAH/RBWH)",1391,151.6329,-27.71797,"Princess Alexandra Hospital (PAH)","Brain Injury Rehabilitation Unit",112.37610928
"Placid Hills",127,NA,"Brisbane (PAH/RBWH)",1368,152.2504,-27.5578,"Princess Alexandra Hospital (PAH)","Brain Injury Rehabilitation Unit",66.2224794
"Plainland",87,NA,"Brisbane (PAH/RBWH)",1374,152.4165,-27.57656,"Princess Alexandra Hospital (PAH)","Brain Injury Rehabilitation Unit",52.16447553
"Point Lookout",122,NA,"Brisbane (PAH/RBWH)",1347,153.5377,-27.43022,"Princess Alexandra Hospital (PAH)","Brain Injury Rehabilitation Unit",101.57142405
"Pomona",311,"Sunshine Coast University Hospital","Brisbane (PAH/RBWH)",1277,152.8533,-26.36256,"Sunshine Coast University Hospital","Brain Injury Rehabilitation Unit",69.574631535
"Poona",205,NA,"Brisbane (PAH/RBWH)",1251,152.9052,-25.71673,"Sunshine Coast University Hospital","Brain Injury Rehabilitation Unit",137.028444295
"Pormpuraaw",401,"Pormpuraaw Primary Health Centre","Townsville University Hospital",1025,141.6245,-14.89198,"Townsville University Hospital","Townsville University Hospital",654.0187141
"Port Douglas",217,"Mossman Hospital","Townsville University Hospital",1035,145.4662,-16.48533,"Townsville University Hospital","Townsville University Hospital",297.4971385
"Prince Henry Heights",278,"Toowoomba Hospital","Brisbane (PAH/RBWH)",1366,151.9905,-27.55295,"Princess Alexandra Hospital (PAH)","Brain Injury Rehabilitation Unit",86.80185357
"Proserpine",216,"Proserpine Hospital","Townsville University Hospital",1129,148.5821,-20.40489,"Townsville University Hospital","Townsville University Hospital",175.0745524
"Proston",190,"Murgon Hospital","Brisbane (PAH/RBWH)",1263,151.603,-26.16377,"Sunshine Coast University Hospital","Brain Injury Rehabilitation Unit",182.610467075
"Quilpie",383,"Quilpie Hospital","Brisbane (PAH/RBWH)",1295,144.2683,-26.61502,"Princess Alexandra Hospital (PAH)","Brain Injury Rehabilitation Unit",617.36154224
"Rainbow Beach",159,NA,"Brisbane (PAH/RBWH)",1256,153.0922,-25.90782,"Sunshine Coast University Hospital","Brain Injury Rehabilitation Unit",136.795946445
"Rangewood",49,NA,"Townsville University Hospital",1108,146.6392,-19.31192,"Townsville University Hospital","Townsville University Hospital",13.49819877
"Rathdowney",137,NA,"Brisbane (PAH/RBWH)",1427,152.8635,-28.20976,"Gold Coast University Hospital","Brain Injury Rehabilitation Unit",81.427456205
"Ravenshoe",195,"Atherton Hospital","Townsville University Hospital",1069,145.4842,-17.60534,"Townsville University Hospital","Townsville University Hospital",232.6055564
"Ravenswood",190,NA,"Townsville University Hospital",1124,146.8898,-20.10146,"Townsville University Hospital","Townsville University Hospital",82.7330207
"Richmond",341,"Richmond Hospital","Townsville University Hospital",1136,143.1423,-20.73186,"Townsville University Hospital","Townsville University Hospital",338.2240319
"Ripley",67,NA,"Brisbane (PAH/RBWH)",1386,152.7864,-27.66642,"Princess Alexandra Hospital (PAH)","Brain Injury Rehabilitation Unit",31.42813773
"River Heads",353,"Hervey Bay Hospital","Brisbane (PAH/RBWH)",1241,152.9102,-25.39864,"Sunshine Coast University Hospital","Brain Injury Rehabilitation Unit",179.3975499
"Rockhampton",445,"Rockhampton Hospital","Brisbane (PAH/RBWH)",1177,150.4974,-23.38918,"Sunshine Coast University Hospital","Brain Injury Rehabilitation Unit",389.71275228
"Roma",341,"Roma Hospital","Brisbane (PAH/RBWH)",1290,148.7879,-26.57094,"Royal Brisbane and Women's Hospital (RBWH)","Brain Injury Rehabilitation Unit",318.86122415
"Rosewood",80,NA,"Brisbane (PAH/RBWH)",1382,152.5889,-27.63446,"Princess Alexandra Hospital (PAH)","Brain Injury Rehabilitation Unit",44.70891386
"Rubyvale",365,"Emerald Hospital","Brisbane (PAH/RBWH)",1178,147.6974,-23.42054,"Townsville University Hospital","Brain Injury Rehabilitation Unit",505.82225525
"Russell Island",118,NA,"Brisbane (PAH/RBWH)",1388,153.3905,-27.68322,"Princess Alexandra Hospital (PAH)","Brain Injury Rehabilitation Unit",79.05485061
"Saibai Island",491,"Thursday Island Hospital","Townsville University Hospital",1002,142.6217,-9.38044,"Townsville University Hospital","Townsville University Hospital",1274.9550912
"Samford",60,NA,"Brisbane (PAH/RBWH)",1341,152.8849,-27.37146,"Royal Brisbane and Women's Hospital (RBWH)","Brain Injury Rehabilitation Unit",27.174142265
"Samford Valley - Highvale",65,NA,"Brisbane (PAH/RBWH)",1340,152.8394,-27.36508,"Royal Brisbane and Women's Hospital (RBWH)","Brain Injury Rehabilitation Unit",31.959303865
"Sandstone Point",86,NA,"Brisbane (PAH/RBWH)",1328,153.1273,-27.08295,"Sunshine Coast University Hospital","Brain Injury Rehabilitation Unit",49.62545242
"Sapphire",365,"Emerald Hospital","Brisbane (PAH/RBWH)",1181,147.7193,-23.46006,"Townsville University Hospital","Brain Injury Rehabilitation Unit",505.915580295
"Sarina",365,"Mackay Hospital","Townsville University Hospital",1157,149.216,-21.4206,"Townsville University Hospital","Townsville University Hospital",274.7996897
"Sarina Beach",371,"Mackay Hospital","Townsville University Hospital",1156,149.3095,-21.38995,"Townsville University Hospital","Townsville University Hospital",277.6208537
"Saunders Beach",60,NA,"Townsville University Hospital",1100,146.6098,-19.15875,"Townsville University Hospital","Townsville University Hospital",24.8172253
"Scottville",206,"Collinsville Hospital","Townsville University Hospital",1131,147.8184,-20.57206,"Townsville University Hospital","Townsville University Hospital",184.6055052
"Seaforth",374,"Mackay Hospital","Townsville University Hospital",1138,148.9607,-20.89524,"Townsville University Hospital","Townsville University Hospital",248.8488104
"Seisia",467,"Bamaga Hospital","Townsville University Hospital",1014,142.3701,-10.85188,"Townsville University Hospital","Townsville University Hospital",944.9550912
"Seventeen Seventy",412,"Bundaberg Hospital","Brisbane (PAH/RBWH)",1200,151.8855,-24.16343,"Sunshine Coast University Hospital","Brain Injury Rehabilitation Unit",306.48103795
"Sharon",437,"Bundaberg Hospital","Brisbane (PAH/RBWH)",1219,152.2587,-24.88377,"Sunshine Coast University Hospital","Brain Injury Rehabilitation Unit",220.52189705
"Silkwood",188,"Innisfail Hospital","Townsville University Hospital",1073,146.0203,-17.74863,"Townsville University Hospital","Townsville University Hospital",154.9077532
"Sloping Hummock",431,"Bundaberg Hospital","Brisbane (PAH/RBWH)",1213,152.4252,-24.8436,"Sunshine Coast University Hospital","Brain Injury Rehabilitation Unit",221.10856566
"Smithfield",323,"Cairns Hospital","Townsville University Hospital",1435,145.690172,-16.83142,"Townsville University Hospital","Townsville University Hospital",252.2861806
"South Bingera",435,"Bundaberg Hospital","Brisbane (PAH/RBWH)",1222,152.2194,-24.96842,"Sunshine Coast University Hospital","Brain Injury Rehabilitation Unit",207.821223125
"South Johnstone",188,"Innisfail Hospital","Townsville University Hospital",1068,145.9951,-17.60097,"Townsville University Hospital","Townsville University Hospital",168.2098681
"South Mission Beach",203,"Tully Hospital","Townsville University Hospital",1081,146.0909,-17.94652,"Townsville University Hospital","Townsville University Hospital",157.5556804
"Southbrook",294,"Toowoomba Hospital","Brisbane (PAH/RBWH)",1387,151.7128,-27.67579,"Princess Alexandra Hospital (PAH)","Brain Injury Rehabilitation Unit",106.04344468
"Springbrook",81,NA,"Gold Coast University Hospital",1425,153.2644,-28.18766,"Gold Coast University Hospital","Gold Coast University Hospital",44.93245988
"Springsure",377,"Springsure Hospital","Brisbane (PAH/RBWH)",1198,148.0891,-24.11595,"Townsville University Hospital","Brain Injury Rehabilitation Unit",484.04087321
"St George",306,"St George Hospital","Brisbane (PAH/RBWH)",1420,148.5812,-28.03888,"Princess Alexandra Hospital (PAH)","Brain Injury Rehabilitation Unit",325.73906934
"St Pauls",436,"Thursday Island Hospital","Townsville University Hospital",1009,142.3349,-10.18488,"Townsville University Hospital","Townsville University Hospital",1094.9550912
"Stanthorpe",190,"Stanthorpe Hospital","Brisbane (PAH/RBWH)",1433,151.9327,-28.65779,"Princess Alexandra Hospital (PAH)","Brain Injury Rehabilitation Unit",152.3265671
"Sunshine Acres",341,"Hervey Bay Hospital","Brisbane (PAH/RBWH)",1238,152.7889,-25.35801,"Sunshine Coast University Hospital","Brain Injury Rehabilitation Unit",167.828254335
"Sunshine Beach",310,"Sunshine Coast University Hospital","Brisbane (PAH/RBWH)",1281,153.1058,-26.41021,"Sunshine Coast University Hospital","Brain Injury Rehabilitation Unit",72.63108456
"Surat",365,"Surat Hospital","Brisbane (PAH/RBWH)",1332,149.0666,-27.15384,"Royal Brisbane and Women's Hospital (RBWH)","Brain Injury Rehabilitation Unit",293.69545623
"Tambo",389,"Blackall Hospital","Brisbane (PAH/RBWH)",1218,146.2549,-24.88339,"Princess Alexandra Hospital (PAH)","Brain Injury Rehabilitation Unit",559.29948721
"Tamborine",81,NA,"Gold Coast University Hospital",1404,153.1285,-27.88138,"Gold Coast University Hospital","Gold Coast University Hospital",42.70453687
"Tannum Sands",247,"Gladstone Hospital","Brisbane (PAH/RBWH)",1194,151.3685,-23.94867,"Sunshine Coast University Hospital","Brain Injury Rehabilitation Unit",315.376941785
"Tara",216,"Tara Hospital","Brisbane (PAH/RBWH)",1337,150.4556,-27.27772,"Royal Brisbane and Women's Hospital (RBWH)","Brain Injury Rehabilitation Unit",197.528504095
"Taroom",281,"Taroom Hospital","Brisbane (PAH/RBWH)",1249,149.7974,-25.6412,"Royal Brisbane and Women's Hospital (RBWH)","Brain Injury Rehabilitation Unit",307.96248025
"Tarzali",195,"Atherton Hospital","Townsville University Hospital",1059,145.61,-17.42092,"Townsville University Hospital","Townsville University Hospital",220.2040204
"Taylors Beach",161,"Ingham Hospital","Townsville University Hospital",1090,146.3273,-18.62407,"Townsville University Hospital","Townsville University Hospital",93.48412274
"Taylors Creek",379,"Woorabinda Hospital","Brisbane (PAH/RBWH)",1203,149.1545,-24.25325,"Sunshine Coast University Hospital","Brain Injury Rehabilitation Unit",467.807531065
"Texas",215,"Texas Hospital","Brisbane (PAH/RBWH)",1436,151.1692,-28.85306,"Royal Brisbane and Women's Hospital (RBWH)","Brain Injury Rehabilitation Unit",203.92522341
"Thagoona",77,NA,"Brisbane (PAH/RBWH)",1380,152.6257,-27.62401,"Princess Alexandra Hospital (PAH)","Brain Injury Rehabilitation Unit",41.63568175
"Thangool",292,"Biloela Hospital","Brisbane (PAH/RBWH)",1207,150.5751,-24.48738,"Sunshine Coast University Hospital","Brain Injury Rehabilitation Unit",350.31087069
"Thargomindah",395,"Thargomindah Hospital","Brisbane (PAH/RBWH)",1416,143.8229,-27.99583,"Princess Alexandra Hospital (PAH)","Brain Injury Rehabilitation Unit",636.53277238
"The Caves",472,"Rockhampton Hospital","Brisbane (PAH/RBWH)",1171,150.4661,-23.17545,"Sunshine Coast University Hospital","Brain Injury Rehabilitation Unit",414.253639985
"The Palms",180,"Gympie Hospital","Brisbane (PAH/RBWH)",1266,152.5889,-26.19336,"Sunshine Coast University Hospital","Brain Injury Rehabilitation Unit",95.11428736
"Theodore",249,"Theodore Hospital","Brisbane (PAH/RBWH)",1221,150.075,-24.94678,"Sunshine Coast University Hospital","Brain Injury Rehabilitation Unit",344.36332462
"Thursday Island",344,"Thursday Island Hospital","Townsville University Hospital",1012,142.2167,-10.5804,"Townsville University Hospital","Townsville University Hospital",1080.819326
"Tiaro",386,"Hervey Bay Hospital","Brisbane (PAH/RBWH)",1252,152.584,-25.725,"Sunshine Coast University Hospital","Brain Injury Rehabilitation Unit",129.800272695
"Tieri",489,"Rockhampton Hospital","Brisbane (PAH/RBWH)",1168,148.3497,-23.03219,"Townsville University Hospital","Brain Injury Rehabilitation Unit",495.154369095
"Tin Can Bay",159,NA,"Brisbane (PAH/RBWH)",1257,153.0031,-25.91357,"Sunshine Coast University Hospital","Brain Injury Rehabilitation Unit",123.278636965
"Tinaroo",201,"Atherton Hospital","Townsville University Hospital",1049,145.5505,-17.16863,"Townsville University Hospital","Townsville University Hospital",251.3961143
"Tolga",195,"Atherton Hospital","Townsville University Hospital",1051,145.4776,-17.22463,"Townsville University Hospital","Townsville University Hospital",246.3056547
"Tolga - West",196,"Atherton Hospital","Townsville University Hospital",1050,145.4506,-17.204,"Townsville University Hospital","Townsville University Hospital",249.8625263
"Toogoolawah",135,NA,"Brisbane (PAH/RBWH)",1330,152.3753,-27.08821,"Princess Alexandra Hospital (PAH)","Brain Injury Rehabilitation Unit",82.62366994
"Toogoom",353,"Hervey Bay Hospital","Brisbane (PAH/RBWH)",1232,152.6898,-25.25614,"Sunshine Coast University Hospital","Brain Injury Rehabilitation Unit",171.640272965
"Toolakea",65,NA,"Townsville University Hospital",1097,146.5788,-19.14605,"Townsville University Hospital","Townsville University Hospital",28.14502335
"Toorbul",90,NA,"Brisbane (PAH/RBWH)",1324,153.0991,-27.03348,"Sunshine Coast University Hospital","Brain Injury Rehabilitation Unit",44.7087974
"Toowoomba",273,"Toowoomba Hospital","Brisbane (PAH/RBWH)",1370,151.9528,-27.56216,"Princess Alexandra Hospital (PAH)","Brain Injury Rehabilitation Unit",88.26447445
"Torbanlea",354,"Hervey Bay Hospital","Brisbane (PAH/RBWH)",1236,152.596,-25.34752,"Sunshine Coast University Hospital","Brain Injury Rehabilitation Unit",159.93926995
"Townsville",50,NA,"Townsville University Hospital",1107,146.8092,-19.26508,"Townsville University Hospital","Townsville University Hospital",15.43296472
"Trebonne",161,"Ingham Hospital","Townsville University Hospital",1091,146.0781,-18.62689,"Townsville University Hospital","Townsville University Hospital",80.53296272
"Tully",203,"Tully Hospital","Townsville University Hospital",1079,145.9217,-17.93491,"Townsville University Hospital","Townsville University Hospital",139.9028961
"Tully Heads",212,"Tully Hospital","Townsville University Hospital",1083,146.0563,-18.01976,"Townsville University Hospital","Townsville University Hospital",146.4029742
"Umagico",467,"Bamaga Hospital","Townsville University Hospital",1016,142.3489,-10.88916,"Townsville University Hospital","Townsville University Hospital",938.6512743
"Walkamin",202,"Mareeba Hospital","Townsville University Hospital",1048,145.4411,-17.15428,"Townsville University Hospital","Townsville University Hospital",252.7055257
"Walkerston",352,"Mackay Hospital","Townsville University Hospital",1149,149.0554,-21.16249,"Townsville University Hospital","Townsville University Hospital",248.8363873
"Wallangarra",233,"Texas Hospital","Brisbane (PAH/RBWH)",1437,151.9262,-28.92345,"Princess Alexandra Hospital (PAH)","Brain Injury Rehabilitation Unit",176.54359463
"Walligan",343,"Hervey Bay Hospital","Brisbane (PAH/RBWH)",1237,152.771,-25.35161,"Sunshine Coast University Hospital","Brain Injury Rehabilitation Unit",165.928475495
"Walloon",75,NA,"Brisbane (PAH/RBWH)",1377,152.6725,-27.60325,"Princess Alexandra Hospital (PAH)","Brain Injury Rehabilitation Unit",39.82479035
"Wallumbilla",406,"Roma Hospital","Brisbane (PAH/RBWH)",1291,149.187,-26.58483,"Royal Brisbane and Women's Hospital (RBWH)","Brain Injury Rehabilitation Unit",292.239016285
"Wamuran",80,NA,"Brisbane (PAH/RBWH)",1325,152.8643,-27.04069,"Sunshine Coast University Hospital","Brain Injury Rehabilitation Unit",43.36318345
"Wandoan",341,"Miles Hospital","Brisbane (PAH/RBWH)",1262,149.9628,-26.12088,"Royal Brisbane and Women's Hospital (RBWH)","Brain Injury Rehabilitation Unit",270.7026111
"Wangan",188,"Innisfail Hospital","Townsville University Hospital",1066,146.0083,-17.57463,"Townsville University Hospital","Townsville University Hospital",171.564984
"Warraber Island",456,"Thursday Island Hospital","Townsville University Hospital",1010,142.8238,-10.20726,"Townsville University Hospital","Townsville University Hospital",1114.9550912
"Warwick",169,"Warwick Hospital","Brisbane (PAH/RBWH)",1428,152.0311,-28.21745,"Princess Alexandra Hospital (PAH)","Brain Injury Rehabilitation Unit",110.69038149
"Weipa",431,"Weipa Hospital","Townsville University Hospital",1020,141.8777,-12.62496,"Townsville University Hospital","Townsville University Hospital",814.4198158
"Westbrook",285,"Toowoomba Hospital","Brisbane (PAH/RBWH)",1378,151.8757,-27.60355,"Princess Alexandra Hospital (PAH)","Brain Injury Rehabilitation Unit",99.63518723
"Weyba Downs",302,"Sunshine Coast University Hospital","Brisbane (PAH/RBWH)",1284,153.0474,-26.45561,"Sunshine Coast University Hospital","Brain Injury Rehabilitation Unit",63.863793215
"Willows Gemfields",386,"Emerald Hospital","Brisbane (PAH/RBWH)",1191,147.5411,-23.73932,"Townsville University Hospital","Brain Injury Rehabilitation Unit",529.25742205
"Winton",371,"Winton Hospital","Townsville University Hospital",1161,143.0414,-22.38676,"Townsville University Hospital","Townsville University Hospital",403.3443839
"Withcott",281,"Toowoomba Hospital","Brisbane (PAH/RBWH)",1367,152.026,-27.55364,"Princess Alexandra Hospital (PAH)","Brain Injury Rehabilitation Unit",76.63585619
"Witta",308,"Sunshine Coast University Hospital","Brisbane (PAH/RBWH)",1304,152.8107,-26.70454,"Sunshine Coast University Hospital","Brain Injury Rehabilitation Unit",62.760222595
"Wondai",187,"Kingaroy Hospital","Brisbane (PAH/RBWH)",1273,151.8736,-26.32045,"Sunshine Coast University Hospital","Brain Injury Rehabilitation Unit",160.49102391
"Wonga Beach",222,"Mossman Hospital","Townsville University Hospital",1031,145.4137,-16.3472,"Townsville University Hospital","Townsville University Hospital",316.3687394
"Wongaling Beach",203,"Tully Hospital","Townsville University Hospital",1078,146.091,-17.91401,"Townsville University Hospital","Townsville University Hospital",156.6847228
"Woodford",93,NA,"Brisbane (PAH/RBWH)",1319,152.778,-26.95557,"Sunshine Coast University Hospital","Brain Injury Rehabilitation Unit",54.61886777
"Woodgate",459,"Bundaberg Hospital","Brisbane (PAH/RBWH)",1224,152.5506,-25.0964,"Sunshine Coast University Hospital","Brain Injury Rehabilitation Unit",202.5802819
"Woombye",289,"Sunshine Coast University Hospital","Brisbane (PAH/RBWH)",1301,152.9666,-26.66148,"Sunshine Coast University Hospital","Brain Injury Rehabilitation Unit",47.191062565
"Woorabinda",353,"Woorabinda Hospital","Brisbane (PAH/RBWH)",1199,149.4575,-24.1306,"Sunshine Coast University Hospital","Brain Injury Rehabilitation Unit",451.864420655
"Woorim",96,NA,"Brisbane (PAH/RBWH)",1327,153.2035,-27.07303,"Sunshine Coast University Hospital","Brain Injury Rehabilitation Unit",59.534609065
"Wujal Wujal",242,"Wujal Wujal Primary Health Centre","Townsville University Hospital",1029,145.3188,-15.94835,"Townsville University Hospital","Townsville University Hospital",385.3392704
"Wurdong Heights",247,"Gladstone Hospital","Brisbane (PAH/RBWH)",1195,151.3025,-23.98485,"Sunshine Coast University Hospital","Brain Injury Rehabilitation Unit",314.04147786
"Wyreema",292,"Toowoomba Hospital","Brisbane (PAH/RBWH)",1385,151.8542,-27.65743,"Princess Alexandra Hospital (PAH)","Brain Injury Rehabilitation Unit",103.00072181
"Yabulu",56,NA,"Townsville University Hospital",1103,146.5851,-19.20155,"Townsville University Hospital","Townsville University Hospital",20.55597816
"Yandina",295,"Sunshine Coast University Hospital","Brisbane (PAH/RBWH)",1289,152.9565,-26.56212,"Sunshine Coast University Hospital","Brain Injury Rehabilitation Unit",53.02662388
"Yangan",174,"Warwick Hospital","Brisbane (PAH/RBWH)",1426,152.2107,-28.19552,"Princess Alexandra Hospital (PAH)","Brain Injury Rehabilitation Unit",110.32258503
"Yarrabah",190,"Yarrabah Hospital","Townsville University Hospital",1040,145.865,-16.90636,"Townsville University Hospital","Townsville University Hospital",247.043943
"Yarraman",175,"Nanango Hospital","Brisbane (PAH/RBWH)",1311,151.9796,-26.84046,"Sunshine Coast University Hospital","Brain Injury Rehabilitation Unit",121.47110778
"Yelarbon",253,"Goondiwindi Hospital","Brisbane (PAH/RBWH)",1431,150.7524,-28.57416,"Royal Brisbane and Women's Hospital (RBWH)","Brain Injury Rehabilitation Unit",206.214898375
"Yeppoon",479,"Rockhampton Hospital","Brisbane (PAH/RBWH)",1170,150.7431,-23.12635,"Sunshine Coast University Hospital","Brain Injury Rehabilitation Unit",425.293200565
"Yorke Island",503,"Thursday Island Hospital","Townsville University Hospital",1004,143.4073,-9.750172,"Townsville University Hospital","Townsville University Hospital",1284.9550912
"Yuleba",418,"Roma Hospital","Brisbane (PAH/RBWH)",1294,149.381,-26.61304,"Royal Brisbane and Women's Hospital (RBWH)","Brain Injury Rehabilitation Unit",279.28248499
"Yungaburra",197,"Atherton Hospital","Townsville University Hospital",1053,145.5851,-17.26885,"Townsville University Hospital","Townsville University Hospital",238.3392319
"Brisbane",45,NA,"Brisbane (PAH/RBWH)",1353,153.0249,-27.47072,"Princess Alexandra Hospital (PAH)","Brain Injury Rehabilitation Unit",8.15721476
"RBWH",35,NA,"Brisbane (PAH/RBWH)",1441,153.0285,-27.447,"Royal Brisbane and Women's Hospital (RBWH)","Brain Injury Rehabilitation Unit",4.975331895
